"Volet","No_Panneau","Titre_panneau","No_Onglet","Titre_onglet","Indicateur_principal","Code_indicateur","Carte","Carte_titre","Graph","Graph_titre","Graph_avec_valeurs","Bar","Bar_titre","Box","Box_titre","Points","Pie","Pie_titre","Pie_legende","Table","Table_titre","Info","Info_titre","Info_contenu","Avec_nom_indicateur","Avec_moyenne","MinGeoLevel","Titre_indicateur","Nom_indicateur","Lien_page_mesure","Description_mesure","Unité_GP","Unité_Evol","source","accordéon","titre_page_mesure"
"Analyse par type de faits",11,"Familles d'infractions",1,"Données 2021",1,"Données 2021_Familles d'infractions_CORRUPTION",0,"",0,"",0,0,"",0,"",0,1,"Répartition par familles d’infractions",1,0,"",0,"c","c","",0,"departements","CORRUPTION","CORRUPTION","https://www.agence-francaise-anticorruption.gouv.fr/fr","Note de lecture : La corruption représente 25,6% des faits d’atteinte à la probité rapportés dans les 94 décisions de justice rendues en 2021 et analysées par l’AFA. Explications : Les infractions d’atteinte à la probité regroupent la corruption, le trafic d’influence, le favoritisme, la prise illégale d’intérêts, le détournement de fonds ou de biens publics et la concussion. Dans l’échantillon, aucun fait de concussion n’a été relevé. Pour une définition et une illustration de chaque infraction, se reporter au Lexique de l'AFA. Méthode de comptage : Calcul de répartition des infractions.","Infractions en 2020","%","Analyse par l’AFA de 94 décisions de justice rendues en 2021 en matière d’atteintes à la probité","En savoir plus sur la donnée",""
"Analyse par type de faits",11,"Familles d'infractions",1,"Données 2021",1,"Données 2021_Familles d'infractions_PRISE ILLÉGALE D'INTÉRÊTS",0,"",0,"",0,0,"",0,"",0,1,"Répartition par familles d’infractions",1,0,"",0,"c","c","",0,"departements","PRISE ILLÉGALE D'INTÉRÊTS","PRISE ILLÉGALE D'INTÉRÊTS","https://www.agence-francaise-anticorruption.gouv.fr/fr","Note de lecture : La corruption représente 25,6% des faits d’atteinte à la probité rapportés dans les 94 décisions de justice rendues en 2021 et analysées par l’AFA. Explications : Les infractions d’atteinte à la probité regroupent la corruption, le trafic d’influence, le favoritisme, la prise illégale d’intérêts, le détournement de fonds ou de biens publics et la concussion. Dans l’échantillon, aucun fait de concussion n’a été relevé. Pour une définition et une illustration de chaque infraction, se reporter au Lexique de l'AFA. Méthode de comptage : Calcul de répartition des infractions.","Infractions en 2020","%","Analyse par l’AFA de 94 décisions de justice rendues en 2021 en matière d’atteintes à la probité","En savoir plus sur la donnée",""
"Analyse par type de faits",11,"Familles d'infractions",1,"Données 2021",1,"Données 2021_Familles d'infractions_FAVORITISME",0,"",0,"",0,0,"",0,"",0,1,"Répartition par familles d’infractions",1,0,"",0,"c","c","",0,"departements","FAVORITISME","FAVORITISME","https://www.agence-francaise-anticorruption.gouv.fr/fr","Note de lecture : La corruption représente 25,6% des faits d’atteinte à la probité rapportés dans les 94 décisions de justice rendues en 2021 et analysées par l’AFA. Explications : Les infractions d’atteinte à la probité regroupent la corruption, le trafic d’influence, le favoritisme, la prise illégale d’intérêts, le détournement de fonds ou de biens publics et la concussion. Dans l’échantillon, aucun fait de concussion n’a été relevé. Pour une définition et une illustration de chaque infraction, se reporter au Lexique de l'AFA. Méthode de comptage : Calcul de répartition des infractions.","Infractions en 2020","%","Analyse par l’AFA de 94 décisions de justice rendues en 2021 en matière d’atteintes à la probité","En savoir plus sur la donnée",""
"Analyse par type de faits",11,"Familles d'infractions",1,"Données 2021",1,"Données 2021_Familles d'infractions_DÉTOURNEMENTS DE BIENS",0,"",0,"",0,0,"",0,"",0,1,"Répartition par familles d’infractions",1,0,"",0,"c","c","",0,"departements","DÉTOURNEMENTS DE BIENS","DÉTOURNEMENTS DE BIENS","https://www.agence-francaise-anticorruption.gouv.fr/fr","Note de lecture : La corruption représente 25,6% des faits d’atteinte à la probité rapportés dans les 94 décisions de justice rendues en 2021 et analysées par l’AFA. Explications : Les infractions d’atteinte à la probité regroupent la corruption, le trafic d’influence, le favoritisme, la prise illégale d’intérêts, le détournement de fonds ou de biens publics et la concussion. Dans l’échantillon, aucun fait de concussion n’a été relevé. Pour une définition et une illustration de chaque infraction, se reporter au Lexique de l'AFA. Méthode de comptage : Calcul de répartition des infractions.","Infractions en 2020","%","Analyse par l’AFA de 94 décisions de justice rendues en 2021 en matière d’atteintes à la probité","En savoir plus sur la donnée",""
"Analyse par type de faits",11,"Familles d'infractions",1,"Données 2021",1,"Données 2021_Familles d'infractions_TRAFIC D'INFLUENCE",0,"",0,"",0,0,"",0,"",0,1,"Répartition par familles d’infractions",1,0,"",0,"c","c","",0,"departements","TRAFIC D'INFLUENCE","TRAFIC D'INFLUENCE","https://www.agence-francaise-anticorruption.gouv.fr/fr","Note de lecture : La corruption représente 25,6% des faits d’atteinte à la probité rapportés dans les 94 décisions de justice rendues en 2021 et analysées par l’AFA. Explications : Les infractions d’atteinte à la probité regroupent la corruption, le trafic d’influence, le favoritisme, la prise illégale d’intérêts, le détournement de fonds ou de biens publics et la concussion. Dans l’échantillon, aucun fait de concussion n’a été relevé. Pour une définition et une illustration de chaque infraction, se reporter au Lexique de l'AFA. Méthode de comptage : Calcul de répartition des infractions.","Infractions en 2020","%","Analyse par l’AFA de 94 décisions de justice rendues en 2021 en matière d’atteintes à la probité","En savoir plus sur la donnée",""
"Analyse par type de faits",11,"Familles d'infractions",1,"Données 2021",1,"Données 2021_Familles d'infractions_CONCUSSION",0,"",0,"",0,0,"",0,"",0,1,"Répartition par familles d’infractions",1,0,"",0,"c","c","",0,"departements","CONCUSSION","CONCUSSION","https://www.agence-francaise-anticorruption.gouv.fr/fr","Note de lecture : La corruption représente 25,6% des faits d’atteinte à la probité rapportés dans les 94 décisions de justice rendues en 2021 et analysées par l’AFA. Explications : Les infractions d’atteinte à la probité regroupent la corruption, le trafic d’influence, le favoritisme, la prise illégale d’intérêts, le détournement de fonds ou de biens publics et la concussion. Dans l’échantillon, aucun fait de concussion n’a été relevé. Pour une définition et une illustration de chaque infraction, se reporter au Lexique de l'AFA. Méthode de comptage : Calcul de répartition des infractions.","Infractions en 2020","%","Analyse par l’AFA de 94 décisions de justice rendues en 2021 en matière d’atteintes à la probité","En savoir plus sur la donnée",""
"Analyse par secteurs d’activité",21,"Répartition par secteurs d’activité",1,"Données 2021",1,"Données 2021_Répartition par secteurs d’activité_PUBLIC",0,"",0,"",0,0,"",0,"",0,1,"Répartition par secteurs d’activité",1,0,"",0,"c","c","",0,"departements","PUBLIC","PUBLIC","https://www.agence-francaise-anticorruption.gouv.fr/fr","Note de lecture : 47,2% des prévenus concernés par les 94 décisions de justice rendues en 2021 et analysées par l’AFA, appartenaient au secteur public. Explications : Le secteur public comprend autant les agents publics (État, collectivités territoriales, établissements publics etc.) que les élus. Chaque secteur comprend à chaque fois les prévenus tant personnes physiques que personnes morales. Un prévenu est une personne poursuivie pénalement et qui n’a pas encore été jugée ou dont la condamnation n’est pas encore définitive. Méthode de comptage : Calcul de répartition des affaires. Les affaires mettant en cause des personnes tant du secteur privé que du secteur public sont comptabilisées dans les deux catégories.","Infractions en 2020","%","Analyse par l’AFA de 94 décisions de justice rendues en 2021 en matière d’atteintes à la probité","En savoir plus sur la donnée",""
"Analyse par secteurs d’activité",21,"Répartition par secteurs d’activité",1,"Données 2021",1,"Données 2021_Répartition par secteurs d’activité_PRIVE",0,"",0,"",0,0,"",0,"",0,1,"Répartition par secteurs d’activité",1,0,"",0,"c","c","",0,"departements","PRIVE","PRIVE","https://www.agence-francaise-anticorruption.gouv.fr/fr","Note de lecture : 47,2% des prévenus concernés par les 94 décisions de justice rendues en 2021 et analysées par l’AFA, appartenaient au secteur public. Explications : Le secteur public comprend autant les agents publics (État, collectivités territoriales, établissements publics etc.) que les élus. Chaque secteur comprend à chaque fois les prévenus tant personnes physiques que personnes morales. Un prévenu est une personne poursuivie pénalement et qui n’a pas encore été jugée ou dont la condamnation n’est pas encore définitive. Méthode de comptage : Calcul de répartition des affaires. Les affaires mettant en cause des personnes tant du secteur privé que du secteur public sont comptabilisées dans les deux catégories.","Infractions en 2020","%","Analyse par l’AFA de 94 décisions de justice rendues en 2021 en matière d’atteintes à la probité","En savoir plus sur la donnée",""
"Analyse par secteurs d’activité",21,"Répartition par secteurs d’activité",1,"Données 2021",1,"Données 2021_Répartition par secteurs d’activité_PARTICULIER",0,"",0,"",0,0,"",0,"",0,1,"Répartition par secteurs d’activité",1,0,"",0,"c","c","",0,"departements","PARTICULIER","PARTICULIER","https://www.agence-francaise-anticorruption.gouv.fr/fr","Note de lecture : 47,2% des prévenus concernés par les 94 décisions de justice rendues en 2021 et analysées par l’AFA, appartenaient au secteur public. Explications : Le secteur public comprend autant les agents publics (État, collectivités territoriales, établissements publics etc.) que les élus. Chaque secteur comprend à chaque fois les prévenus tant personnes physiques que personnes morales. Un prévenu est une personne poursuivie pénalement et qui n’a pas encore été jugée ou dont la condamnation n’est pas encore définitive. Méthode de comptage : Calcul de répartition des affaires. Les affaires mettant en cause des personnes tant du secteur privé que du secteur public sont comptabilisées dans les deux catégories.","Infractions en 2020","%","Analyse par l’AFA de 94 décisions de justice rendues en 2021 en matière d’atteintes à la probité","En savoir plus sur la donnée",""
"Analyse par secteurs d’activité",22,"Secteur public",1,"Données 2021",1,"Données 2021_Secteur public_COLLECTIVITÉS MAIRIES",0,"",0,"",0,0,"",0,"",0,1,"Répartition au sein du secteur public",1,0,"",0,"c","c","",0,"departements","COLLECTIVITÉS MAIRIES","COLLECTIVITÉS MAIRIES","https://www.agence-francaise-anticorruption.gouv.fr/fr","Note de lecture : 9,3% des prévenus des 94 décisions de justice rendues en 2021 et analysées par l’AFA, étaient fonctionnaires de l’État travaillant au sein de l’administration centrale. Explications : Cette classification a été créée par l’AFA. Méthode de comptage : Calcul de répartition des prévenus appartenant au secteur public","Infractions en 2020","%","Analyse par l’AFA de 94 décisions de justice rendues en 2021 en matière d’atteintes à la probité","En savoir plus sur la donnée",""
"Analyse par secteurs d’activité",22,"Secteur public",1,"Données 2021",1,"Données 2021_Secteur public_ETABLISSEMENT PUBLIC",0,"",0,"",0,0,"",0,"",0,1,"Répartition au sein du secteur public",1,0,"",0,"c","c","",0,"departements","ETABLISSEMENT PUBLIC","ETABLISSEMENT PUBLIC","https://www.agence-francaise-anticorruption.gouv.fr/fr","Note de lecture : 9,3% des prévenus des 94 décisions de justice rendues en 2021 et analysées par l’AFA, étaient fonctionnaires de l’État travaillant au sein de l’administration centrale. Explications : Cette classification a été créée par l’AFA. Méthode de comptage : Calcul de répartition des prévenus appartenant au secteur public","Infractions en 2020","%","Analyse par l’AFA de 94 décisions de justice rendues en 2021 en matière d’atteintes à la probité","En savoir plus sur la donnée",""
"Analyse par secteurs d’activité",22,"Secteur public",1,"Données 2021",1,"Données 2021_Secteur public_ETAT ADMINISTRATION CENTRALE",0,"",0,"",0,0,"",0,"",0,1,"Répartition au sein du secteur public",1,0,"",0,"c","c","",0,"departements","ETAT ADMINISTRATION CENTRALE","ETAT ADMINISTRATION CENTRALE","https://www.agence-francaise-anticorruption.gouv.fr/fr","Note de lecture : 9,3% des prévenus des 94 décisions de justice rendues en 2021 et analysées par l’AFA, étaient fonctionnaires de l’État travaillant au sein de l’administration centrale. Explications : Cette classification a été créée par l’AFA. Méthode de comptage : Calcul de répartition des prévenus appartenant au secteur public","Infractions en 2020","%","Analyse par l’AFA de 94 décisions de justice rendues en 2021 en matière d’atteintes à la probité","En savoir plus sur la donnée",""
"Analyse par secteurs d’activité",22,"Secteur public",1,"Données 2021",1,"Données 2021_Secteur public_COLLECTIVITÉS DÉPARTEMENTALES",0,"",0,"",0,0,"",0,"",0,1,"Répartition au sein du secteur public",1,0,"",0,"c","c","",0,"departements","COLLECTIVITÉS DÉPARTEMENTALES","COLLECTIVITÉS DÉPARTEMENTALES","https://www.agence-francaise-anticorruption.gouv.fr/fr","Note de lecture : 9,3% des prévenus des 94 décisions de justice rendues en 2021 et analysées par l’AFA, étaient fonctionnaires de l’État travaillant au sein de l’administration centrale. Explications : Cette classification a été créée par l’AFA. Méthode de comptage : Calcul de répartition des prévenus appartenant au secteur public","Infractions en 2020","%","Analyse par l’AFA de 94 décisions de justice rendues en 2021 en matière d’atteintes à la probité","En savoir plus sur la donnée",""
"Analyse par secteurs d’activité",22,"Secteur public",1,"Données 2021",1,"Données 2021_Secteur public_COLLECTIVITÉS RÉGIONALES",0,"",0,"",0,0,"",0,"",0,1,"Répartition au sein du secteur public",1,0,"",0,"c","c","",0,"departements","COLLECTIVITÉS RÉGIONALES","COLLECTIVITÉS RÉGIONALES","https://www.agence-francaise-anticorruption.gouv.fr/fr","Note de lecture : 9,3% des prévenus des 94 décisions de justice rendues en 2021 et analysées par l’AFA, étaient fonctionnaires de l’État travaillant au sein de l’administration centrale. Explications : Cette classification a été créée par l’AFA. Méthode de comptage : Calcul de répartition des prévenus appartenant au secteur public","Infractions en 2020","%","Analyse par l’AFA de 94 décisions de justice rendues en 2021 en matière d’atteintes à la probité","En savoir plus sur la donnée",""
"Analyse par secteurs d’activité",22,"Secteur public",1,"Données 2021",1,"Données 2021_Secteur public_ETAT DECONCENTRE",0,"",0,"",0,0,"",0,"",0,1,"Répartition au sein du secteur public",1,0,"",0,"c","c","",0,"departements","ETAT DECONCENTRE","ETAT DECONCENTRE","https://www.agence-francaise-anticorruption.gouv.fr/fr","Note de lecture : 9,3% des prévenus des 94 décisions de justice rendues en 2021 et analysées par l’AFA, étaient fonctionnaires de l’État travaillant au sein de l’administration centrale. Explications : Cette classification a été créée par l’AFA. Méthode de comptage : Calcul de répartition des prévenus appartenant au secteur public","Infractions en 2020","%","Analyse par l’AFA de 94 décisions de justice rendues en 2021 en matière d’atteintes à la probité","En savoir plus sur la donnée",""
"Analyse par secteurs d’activité",22,"Secteur public",1,"Données 2021",1,"Données 2021_Secteur public_FONCTION PUBLIQUE HOSPITALIERE",0,"",0,"",0,0,"",0,"",0,1,"Répartition au sein du secteur public",1,0,"",0,"c","c","",0,"departements","FONCTION PUBLIQUE HOSPITALIERE","FONCTION PUBLIQUE HOSPITALIERE","https://www.agence-francaise-anticorruption.gouv.fr/fr","Note de lecture : 9,3% des prévenus des 94 décisions de justice rendues en 2021 et analysées par l’AFA, étaient fonctionnaires de l’État travaillant au sein de l’administration centrale. Explications : Cette classification a été créée par l’AFA. Méthode de comptage : Calcul de répartition des prévenus appartenant au secteur public","Infractions en 2020","%","Analyse par l’AFA de 94 décisions de justice rendues en 2021 en matière d’atteintes à la probité","En savoir plus sur la donnée",""
"Analyse par secteurs d’activité",22,"Secteur public",1,"Données 2021",1,"Données 2021_Secteur public_NON RENSEIGNE",0,"",0,"",0,0,"",0,"",0,1,"Répartition au sein du secteur privé",1,0,"",0,"c","c","",0,"departements","NON RENSEIGNE","NON RENSEIGNE","https://www.agence-francaise-anticorruption.gouv.fr/fr","Note de lecture : 26,7% des prévenus des 94 décisions de justice rendues en 2021 et analysées par l’AFA, travaillaient dans le secteur de la construction. Explications : La classification correspond à la nomenclature d’activités française de l’INSEE (NAF rev.2 - Sections). Méthode de comptage : Calcul de répartition des prévenus appartenant au secteur privé.","Infractions en 2020","%","Analyse par l’AFA de 94 décisions de justice rendues en 2021 en matière d’atteintes à la probité","En savoir plus sur la donnée",""
"Analyse par secteurs d’activité",23,"Secteur privé",1,"Données 2021",1,"Données 2021_Secteur privé_CONSTRUCTION",0,"",0,"",0,0,"",0,"",0,1,"Répartition au sein du secteur privé",1,0,"",0,"c","c","",0,"departements","CONSTRUCTION","CONSTRUCTION","https://www.agence-francaise-anticorruption.gouv.fr/fr","Note de lecture : 26,7% des prévenus des 94 décisions de justice rendues en 2021 et analysées par l’AFA, travaillaient dans le secteur de la construction. Explications : La classification correspond à la nomenclature d’activités française de l’INSEE (NAF rev.2 - Sections). Méthode de comptage : Calcul de répartition des prévenus appartenant au secteur privé.","En savoir plus sur la donnée","","Analyse par l’AFA de 94 décisions de justice rendues en 2021 en matière d’atteintes à la probité","",""
"Analyse par secteurs d’activité",23,"Secteur privé",1,"Données 2021",1,"Données 2021_Secteur privé_ACTIVITÉS IMMOBILIÈRES",0,"",0,"",0,0,"",0,"",0,1,"Répartition au sein du secteur privé",1,0,"",0,"c","c","",0,"departements","ACTIVITÉS IMMOBILIÈRES","ACTIVITÉS IMMOBILIÈRES","https://www.agence-francaise-anticorruption.gouv.fr/fr","Note de lecture : 26,7% des prévenus des 94 décisions de justice rendues en 2021 et analysées par l’AFA, travaillaient dans le secteur de la construction. Explications : La classification correspond à la nomenclature d’activités française de l’INSEE (NAF rev.2 - Sections). Méthode de comptage : Calcul de répartition des prévenus appartenant au secteur privé.","Infractions en 2020","%","Analyse par l’AFA de 94 décisions de justice rendues en 2021 en matière d’atteintes à la probité","En savoir plus sur la donnée",""
"Analyse par secteurs d’activité",23,"Secteur privé",1,"Données 2021",1,"Données 2021_Secteur privé_AUTRES ACTIVITÉS DE SERVICES",0,"",0,"",0,0,"",0,"",0,1,"Répartition au sein du secteur privé",1,0,"",0,"c","c","",0,"departements","AUTRES ACTIVITÉS DE SERVICES","AUTRES ACTIVITÉS DE SERVICES","https://www.agence-francaise-anticorruption.gouv.fr/fr","Note de lecture : 26,7% des prévenus des 94 décisions de justice rendues en 2021 et analysées par l’AFA, travaillaient dans le secteur de la construction. Explications : La classification correspond à la nomenclature d’activités française de l’INSEE (NAF rev.2 - Sections). Méthode de comptage : Calcul de répartition des prévenus appartenant au secteur privé.","%","Analyse par l’AFA de 111 décisions de justice rendues entre 2014 et 2020 en matière d’atteintes à la probité. ","Analyse par l’AFA de 94 décisions de justice rendues en 2021 en matière d’atteintes à la probité","",""
"Analyse par secteurs d’activité",23,"Secteur privé",1,"Données 2021",1,"Données 2021_Secteur privé_ACTIVITÉS SPÉCIALISÉES SCIENTIFIQUES ET TECHNIQUES",0,"",0,"",0,0,"",0,"",0,1,"Répartition au sein du secteur privé",1,0,"",0,"c","c","",0,"departements","ACTIVITÉS SPÉCIALISÉES SCIENTIFIQUES ET TECHNIQUES","ACTIVITÉS SPÉCIALISÉES SCIENTIFIQUES ET TECHNIQUES","https://www.agence-francaise-anticorruption.gouv.fr/fr","Note de lecture : 26,7% des prévenus des 94 décisions de justice rendues en 2021 et analysées par l’AFA, travaillaient dans le secteur de la construction. Explications : La classification correspond à la nomenclature d’activités française de l’INSEE (NAF rev.2 - Sections). Méthode de comptage : Calcul de répartition des prévenus appartenant au secteur privé.","Infractions en 2020","%","Analyse par l’AFA de 94 décisions de justice rendues en 2021 en matière d’atteintes à la probité","En savoir plus sur la donnée",""
"Analyse par secteurs d’activité",23,"Secteur privé",1,"Données 2021",1,"Données 2021_Secteur privé_AUTRE",0,"",0,"",0,0,"",0,"",0,1,"Répartition au sein du secteur privé",1,0,"",0,"c","c","",0,"departements","AUTRE","AUTRE","https://www.agence-francaise-anticorruption.gouv.fr/fr","Note de lecture : 26,7% des prévenus des 94 décisions de justice rendues en 2021 et analysées par l’AFA, travaillaient dans le secteur de la construction. Explications : La classification correspond à la nomenclature d’activités française de l’INSEE (NAF rev.2 - Sections). Méthode de comptage : Calcul de répartition des prévenus appartenant au secteur privé.","Infractions en 2020","%","Analyse par l’AFA de 94 décisions de justice rendues en 2021 en matière d’atteintes à la probité","En savoir plus sur la donnée",""
"Analyse par secteurs d’activité",23,"Secteur privé",1,"Données 2021",1,"Données 2021_Secteur privé_TRANSPORTS ET ENTREPOSAGE",0,"",0,"",0,0,"",0,"",0,1,"Répartition au sein du secteur privé",1,0,"",0,"c","c","",0,"departements","TRANSPORTS ET ENTREPOSAGE","TRANSPORTS ET ENTREPOSAGE","https://www.agence-francaise-anticorruption.gouv.fr/fr","Note de lecture : 26,7% des prévenus des 94 décisions de justice rendues en 2021 et analysées par l’AFA, travaillaient dans le secteur de la construction. Explications : La classification correspond à la nomenclature d’activités française de l’INSEE (NAF rev.2 - Sections). Méthode de comptage : Calcul de répartition des prévenus appartenant au secteur privé.","Infractions en 2020","%","Analyse par l’AFA de 94 décisions de justice rendues en 2021 en matière d’atteintes à la probité","En savoir plus sur la donnée",""
"Analyse par secteurs d’activité",23,"Secteur privé",1,"Données 2021",1,"Données 2021_Secteur privé_PRODUCTION ET DISTRIBUTION D'ÉLECTRICITÉ DE GAZ DE VAPEUR ET D'AIR CONDITIONNÉ",0,"",0,"",0,0,"",0,"",0,1,"Répartition au sein du secteur privé",1,0,"",0,"c","c","",0,"departements","PRODUCTION ET DISTRIBUTION D'ÉLECTRICITÉ DE GAZ DE VAPEUR ET D'AIR CONDITIONNÉ","PRODUCTION ET DISTRIBUTION D'ÉLECTRICITÉ DE GAZ DE VAPEUR ET D'AIR CONDITIONNÉ","https://www.agence-francaise-anticorruption.gouv.fr/fr","Note de lecture : 26,7% des prévenus des 94 décisions de justice rendues en 2021 et analysées par l’AFA, travaillaient dans le secteur de la construction. Explications : La classification correspond à la nomenclature d’activités française de l’INSEE (NAF rev.2 - Sections). Méthode de comptage : Calcul de répartition des prévenus appartenant au secteur privé.","Infractions en 2020","%","Analyse par l’AFA de 94 décisions de justice rendues en 2021 en matière d’atteintes à la probité","En savoir plus sur la donnée",""
"Analyse par secteurs d’activité",23,"Secteur privé",1,"Données 2021",1,"Données 2021_Secteur privé_PRODUCTION ET DISTRIBUTION D'EAU  ASSAINISSEMENT GESTION DES DÉCHETS ET DÉPOLLUTION",0,"",0,"",0,0,"",0,"",0,1,"Répartition au sein du secteur privé",1,0,"",0,"c","c","",0,"departements","PRODUCTION ET DISTRIBUTION D'EAU  ASSAINISSEMENT GESTION DES DÉCHETS ET DÉPOLLUTION","PRODUCTION ET DISTRIBUTION D'EAU  ASSAINISSEMENT GESTION DES DÉCHETS ET DÉPOLLUTION","https://www.agence-francaise-anticorruption.gouv.fr/fr","Note de lecture : 26,7% des prévenus des 94 décisions de justice rendues en 2021 et analysées par l’AFA, travaillaient dans le secteur de la construction. Explications : La classification correspond à la nomenclature d’activités française de l’INSEE (NAF rev.2 - Sections). Méthode de comptage : Calcul de répartition des prévenus appartenant au secteur privé.","Infractions en 2020","%","Analyse par l’AFA de 94 décisions de justice rendues en 2021 en matière d’atteintes à la probité","En savoir plus sur la donnée",""
"Analyse par secteurs d’activité",23,"Secteur privé",1,"Données 2021",1,"Données 2021_Secteur privé_ACTIVITÉS DE SERVICES ADMINISTRATIFS ET DE SOUTIEN",0,"",0,"",0,0,"",0,"",0,1,"Répartition au sein du secteur privé",1,0,"",0,"c","c","",0,"departements","ACTIVITÉS DE SERVICES ADMINISTRATIFS ET DE SOUTIEN","ACTIVITÉS DE SERVICES ADMINISTRATIFS ET DE SOUTIEN","https://www.agence-francaise-anticorruption.gouv.fr/fr","Note de lecture : 26,7% des prévenus des 94 décisions de justice rendues en 2021 et analysées par l’AFA, travaillaient dans le secteur de la construction. Explications : La classification correspond à la nomenclature d’activités française de l’INSEE (NAF rev.2 - Sections). Méthode de comptage : Calcul de répartition des prévenus appartenant au secteur privé.","Infractions en 2020","%","Analyse par l’AFA de 94 décisions de justice rendues en 2021 en matière d’atteintes à la probité","En savoir plus sur la donnée",""
"Analyse par secteurs d’activité",23,"Secteur privé",1,"Données 2021",1,"Données 2021_Secteur privé_COMMERCE  RÉPARATION D'AUTOMOBILES ET DE MOTOCYCLES",0,"",0,"",0,0,"",0,"",0,1,"Répartition au sein du secteur privé",1,0,"",0,"c","c","",0,"departements","COMMERCE  RÉPARATION D'AUTOMOBILES ET DE MOTOCYCLES","COMMERCE  RÉPARATION D'AUTOMOBILES ET DE MOTOCYCLES","https://www.agence-francaise-anticorruption.gouv.fr/fr","Note de lecture : 26,7% des prévenus des 94 décisions de justice rendues en 2021 et analysées par l’AFA, travaillaient dans le secteur de la construction. Explications : La classification correspond à la nomenclature d’activités française de l’INSEE (NAF rev.2 - Sections). Méthode de comptage : Calcul de répartition des prévenus appartenant au secteur privé.","Infractions en 2020","%","Analyse par l’AFA de 94 décisions de justice rendues en 2021 en matière d’atteintes à la probité","En savoir plus sur la donnée",""
"Analyse par secteurs d’activité",23,"Secteur privé",1,"Données 2021",1,"Données 2021_Secteur privé_HÉBERGEMENT ET RESTAURATION",0,"",0,"",0,0,"",0,"",0,1,"Répartition au sein du secteur privé",1,0,"",0,"c","c","",0,"departements","HÉBERGEMENT ET RESTAURATION","HÉBERGEMENT ET RESTAURATION","https://www.agence-francaise-anticorruption.gouv.fr/fr","Note de lecture : 26,7% des prévenus des 94 décisions de justice rendues en 2021 et analysées par l’AFA, travaillaient dans le secteur de la construction. Explications : La classification correspond à la nomenclature d’activités française de l’INSEE (NAF rev.2 - Sections). Méthode de comptage : Calcul de répartition des prévenus appartenant au secteur privé.","Infractions en 2020","%","Analyse par l’AFA de 94 décisions de justice rendues en 2021 en matière d’atteintes à la probité","En savoir plus sur la donnée",""
"Analyse par secteurs d’activité",23,"Secteur privé",1,"Données 2021",1,"Données 2021_Secteur privé_NON RENSEIGNE",0,"",0,"",0,0,"",0,"",0,1,"Répartition au sein du secteur privé",1,0,"",0,"c","c","",0,"departements","NON RENSEIGNE","NON RENSEIGNE","https://www.agence-francaise-anticorruption.gouv.fr/fr","Note de lecture : 26,7% des prévenus des 94 décisions de justice rendues en 2021 et analysées par l’AFA, travaillaient dans le secteur de la construction. Explications : La classification correspond à la nomenclature d’activités française de l’INSEE (NAF rev.2 - Sections). Méthode de comptage : Calcul de répartition des prévenus appartenant au secteur privé.","Infractions en 2020","%","Analyse par l’AFA de 94 décisions de justice rendues en 2021 en matière d’atteintes à la probité","En savoir plus sur la donnée",""
"Répartition des prévenus",31,"Répartition des prévenus",1,"Données 2021",1,"Données 2021_Répartition des prévenus_CORRUPTION",0,"",0,"",0,0,"",0,"",0,1,"Répartition des prévenus par famille d'infractions",1,0,"",0,"c","c","",0,"departements","CORRUPTION","CORRUPTION","https://www.agence-francaise-anticorruption.gouv.fr/fr","Note de lecture : Au sein de l’échantillon de 94 décisions de justice rendues en 2021 et analysées par l’AFA, 26,6 % des prévenus renvoyés devant les juridictions pénales pour des infractions d’atteinte à la probité, l’ont été pour des faits de corruption. Un prévenu renvoyé devant les juridictions pénales pour des faits de corruption et de favoritisme est compté dans les deux catégories. Méthode de comptage : Calcul de répartition des prévenus.","Infractions en 2020","%","Analyse par l’AFA de 94 décisions de justice rendues en 2021 en matière d’atteintes à la probité","En savoir plus sur la donnée",""
"Répartition des prévenus",31,"Répartition des prévenus",1,"Données 2021",1,"Données 2021_Répartition des prévenus_FAVORITISME",0,"",0,"",0,0,"",0,"",0,1,"Répartition des prévenus par famille d'infractions",1,0,"",0,"c","c","",0,"departements","FAVORITISME","FAVORITISME","https://www.agence-francaise-anticorruption.gouv.fr/fr","Note de lecture : Au sein de l’échantillon de 94 décisions de justice rendues en 2021 et analysées par l’AFA, 26,6 % des prévenus renvoyés devant les juridictions pénales pour des infractions d’atteinte à la probité, l’ont été pour des faits de corruption. Un prévenu renvoyé devant les juridictions pénales pour des faits de corruption et de favoritisme est compté dans les deux catégories. Méthode de comptage : Calcul de répartition des prévenus.","Infractions en 2020","%","Analyse par l’AFA de 94 décisions de justice rendues en 2021 en matière d’atteintes à la probité","En savoir plus sur la donnée",""
"Répartition des prévenus",31,"Répartition des prévenus",1,"Données 2021",1,"Données 2021_Répartition des prévenus_PRISE ILLÉGALE D'INTÉRÊTS",0,"",0,"",0,0,"",0,"",0,1,"Répartition des prévenus par famille d'infractions",1,0,"",0,"c","c","",0,"departements","PRISE ILLÉGALE D'INTÉRÊTS","PRISE ILLÉGALE D'INTÉRÊTS","https://www.agence-francaise-anticorruption.gouv.fr/fr","Note de lecture : Au sein de l’échantillon de 94 décisions de justice rendues en 2021 et analysées par l’AFA, 26,6 % des prévenus renvoyés devant les juridictions pénales pour des infractions d’atteinte à la probité, l’ont été pour des faits de corruption. Un prévenu renvoyé devant les juridictions pénales pour des faits de corruption et de favoritisme est compté dans les deux catégories. Méthode de comptage : Calcul de répartition des prévenus.","Infractions en 2020","%","Analyse par l’AFA de 94 décisions de justice rendues en 2021 en matière d’atteintes à la probité","En savoir plus sur la donnée",""
"Répartition des prévenus",31,"Répartition des prévenus",1,"Données 2021",1,"Données 2021_Répartition des prévenus_DÉTOURNEMENTS DE BIENS",0,"",0,"",0,0,"",0,"",0,1,"Répartition des prévenus par famille d'infractions",1,0,"",0,"c","c","",0,"departements","DÉTOURNEMENTS DE BIENS","DÉTOURNEMENTS DE BIENS","https://www.agence-francaise-anticorruption.gouv.fr/fr","Note de lecture : Au sein de l’échantillon de 94 décisions de justice rendues en 2021 et analysées par l’AFA, 26,6 % des prévenus renvoyés devant les juridictions pénales pour des infractions d’atteinte à la probité, l’ont été pour des faits de corruption. Un prévenu renvoyé devant les juridictions pénales pour des faits de corruption et de favoritisme est compté dans les deux catégories. Méthode de comptage : Calcul de répartition des prévenus.","Infractions en 2020","%","Analyse par l’AFA de 94 décisions de justice rendues en 2021 en matière d’atteintes à la probité","En savoir plus sur la donnée",""
"Répartition des prévenus",31,"Répartition des prévenus",1,"Données 2021",1,"Données 2021_Répartition des prévenus_TRAFIC D'INFLUENCE",0,"",0,"",0,0,"",0,"",0,1,"Répartition des prévenus par famille d'infractions",1,0,"",0,"c","c","",0,"departements","TRAFIC D'INFLUENCE","TRAFIC D'INFLUENCE","https://www.agence-francaise-anticorruption.gouv.fr/fr","Note de lecture : Au sein de l’échantillon de 94 décisions de justice rendues en 2021 et analysées par l’AFA, 26,6 % des prévenus renvoyés devant les juridictions pénales pour des infractions d’atteinte à la probité, l’ont été pour des faits de corruption. Un prévenu renvoyé devant les juridictions pénales pour des faits de corruption et de favoritisme est compté dans les deux catégories. Méthode de comptage : Calcul de répartition des prévenus.","Infractions en 2020","%","Analyse par l’AFA de 94 décisions de justice rendues en 2021 en matière d’atteintes à la probité","En savoir plus sur la donnée",""
"Répartition des prévenus",31,"Répartition des prévenus",1,"Données 2021",1,"Données 2021_Répartition des prévenus_CONCUSSION",0,"",0,"",0,0,"",0,"",0,1,"Répartition des prévenus par famille d'infractions",1,0,"",0,"c","c","",0,"departements","CONCUSSION","CONCUSSION","https://www.agence-francaise-anticorruption.gouv.fr/fr","Note de lecture : Au sein de l’échantillon de 94 décisions de justice rendues en 2021 et analysées par l’AFA, 26,6 % des prévenus renvoyés devant les juridictions pénales pour des infractions d’atteinte à la probité, l’ont été pour des faits de corruption. Un prévenu renvoyé devant les juridictions pénales pour des faits de corruption et de favoritisme est compté dans les deux catégories. Méthode de comptage : Calcul de répartition des prévenus.","Infractions en 2020","%","Analyse par l’AFA de 94 décisions de justice rendues en 2021 en matière d’atteintes à la probité","En savoir plus sur la donnée",""
"Répartition des prévenus",32,"Indicateurs prévenus",1,"Données 2021",1,"Données 2021_Indicateurs prévenus_Nombre moyen de prévenus par affaire",0,"",0,"",0,0,"",1,"",0,0,"",1,0,"",0,"c","c","",0,"departements","Nombre moyen de prévenus par affaire","Nombre moyen de prévenus par affaire","https://www.agence-francaise-anticorruption.gouv.fr/fr","Note de lecture 1 : Au sein de l’échantillon de 94 décisions de justice, rendues en 2021 et analysées par l’AFA, l’âge moyen des prévenus au moment du début de la période de prévention des faits qui leur sont reprochés, est de 45 ans.  Note de lecture 2 : Au sein de l’échantillon de 94 décisions de justice rendues en 2021 et analysées par l’AFA, il y a en moyenne 3 prévenus par affaire.  Explications :  La période de prévention correspond à la durée de temps pendant laquelle les infractions pénales reprochées à un prévenu ont été commises. Elle peut être d’un jour pour les infractions se consommant immédiatement, mais peut également durer plusieurs années. Méthode de comptage : Moyennes réalisées à partir des données concernant les prévenus.","prévenus","%","Analyse par l’AFA de 94 décisions de justice rendues en 2021 en matière d’atteintes à la probité","En savoir plus sur la donnée",""
"Répartition des prévenus",32,"Indicateurs prévenus",1,"Données 2021",1,"Données 2021_Indicateurs prévenus_Age moyen des prévenus",0,"",0,"",0,0,"",1,"",0,0,"",1,0,"",0,"c","c","",0,"departements","Age moyen des prévenus","Age moyen des prévenus","https://www.agence-francaise-anticorruption.gouv.fr/fr","Note de lecture 1 : Au sein de l’échantillon de 94 décisions de justice, rendues en 2021 et analysées par l’AFA, l’âge moyen des prévenus au moment du début de la période de prévention des faits qui leur sont reprochés, est de 45 ans.  Note de lecture 2 : Au sein de l’échantillon de 94 décisions de justice rendues en 2021 et analysées par l’AFA, il y a en moyenne 3 prévenus par affaire.  Explications :  La période de prévention correspond à la durée de temps pendant laquelle les infractions pénales reprochées à un prévenu ont été commises. Elle peut être d’un jour pour les infractions se consommant immédiatement, mais peut également durer plusieurs années. Méthode de comptage : Moyennes réalisées à partir des données concernant les prévenus.","ans","ans","Analyse par l’AFA de 94 décisions de justice rendues en 2021 en matière d’atteintes à la probité","En savoir plus sur la donnée",""
"Nature et sexe des prévenus ",51,"Nature",1,"Données 2021",1,"Données 2021_Nature_PHYSIQUE",0,"",0,"",0,0,"",0,"",0,1,"Répartition par nature des prévenus",1,0,"",0,"c","c","",0,"departements","PHYSIQUE","PHYSIQUE","https://www.agence-francaise-anticorruption.gouv.fr/fr","Note de lecture : Sur l’échantillon de 94 décisions de justice rendues en 2021 et analysées par l’AFA, 92,0% des prévenus jugés pour des faits d’atteinte à la probité étaient des personnes physiques. Explications : En droit français, une personne morale est un groupement doté de la personnalité juridique. Elle peut être composée d’une ou plusieurs personnes physiques ou morales. La personnalité juridique donne à cette personne morale des droits et des devoirs. Une personne morale peut être droit public (État, collectivités territoriales, établissements publics etc.) ou de droit privé (sociétés privées, associations etc.). Depuis 1994 les personnes morales, à l'exclusion de l'État, sont responsables pénalement des infractions commises, pour leur compte, par leurs organes ou représentants. Les établissements publics, les collectivités territoriales et leurs groupements ne sont responsables que pour les infractions commises dans l'exercice des activités susceptibles de faire l'objet de délégation de service public. Méthode de comptage : Calcul de répartition des prévenus selon leur nature.","Infractions en 2020","%","Analyse par l’AFA de 94 décisions de justice rendues en 2021 en matière d’atteintes à la probité","En savoir plus sur la donnée",""
"Nature et sexe des prévenus ",51,"Nature",1,"Données 2021",1,"Données 2021_Nature_MORALE",0,"",0,"",0,0,"",0,"",0,1,"Répartition par nature des prévenus",1,0,"",0,"c","c","",0,"departements","MORALE","MORALE","https://www.agence-francaise-anticorruption.gouv.fr/fr","Note de lecture : Sur l’échantillon de 94 décisions de justice rendues en 2021 et analysées par l’AFA, 92,0% des prévenus jugés pour des faits d’atteinte à la probité étaient des personnes physiques. Explications : En droit français, une personne morale est un groupement doté de la personnalité juridique. Elle peut être composée d’une ou plusieurs personnes physiques ou morales. La personnalité juridique donne à cette personne morale des droits et des devoirs. Une personne morale peut être droit public (État, collectivités territoriales, établissements publics etc.) ou de droit privé (sociétés privées, associations etc.). Depuis 1994 les personnes morales, à l'exclusion de l'État, sont responsables pénalement des infractions commises, pour leur compte, par leurs organes ou représentants. Les établissements publics, les collectivités territoriales et leurs groupements ne sont responsables que pour les infractions commises dans l'exercice des activités susceptibles de faire l'objet de délégation de service public. Méthode de comptage : Calcul de répartition des prévenus selon leur nature.","Infractions en 2020","%","Analyse par l’AFA de 94 décisions de justice rendues en 2021 en matière d’atteintes à la probité","En savoir plus sur la donnée",""
"Nature et sexe des prévenus ",52,"Sexe",1,"Données 2021",1,"Données 2021_Sexe_HOMME",0,"",0,"",0,0,"",0,"",0,1,"Répartition des prévenus par sexe",1,0,"",0,"jellsf","qosfjhsq","",0,"departements","HOMME","HOMME","https://www.agence-francaise-anticorruption.gouv.fr/fr","Note de lecture : Sur l’échantillon de 94 décisions de justice, rendues en 2021 et analysées par l’AFA, 78,7% des prévenus jugés pour des faits d’atteinte à la probité étaient des hommes. Méthode de comptage : Calcul de répartition des prévenus personnes physiques selon leur sexe. ","Infractions en 2020","%","Analyse par l’AFA de 94 décisions de justice rendues en 2021 en matière d’atteintes à la probité","En savoir plus sur la donnée",""
"Nature et sexe des prévenus ",52,"Sexe",1,"Données 2021",1,"Données 2021_Sexe_FEMME",0,"",0,"",0,0,"",0,"",0,1,"Répartition des prévenus par sexe",1,0,"",0,"c","c","",0,"departements","FEMME","FEMME","https://www.agence-francaise-anticorruption.gouv.fr/fr","Note de lecture : Sur l’échantillon de 94 décisions de justice, rendues en 2021 et analysées par l’AFA, 78,7% des prévenus jugés pour des faits d’atteinte à la probité étaient des hommes. Méthode de comptage : Calcul de répartition des prévenus personnes physiques selon leur sexe. ","Infractions en 2020","%","Analyse par l’AFA de 94 décisions de justice rendues en 2021 en matière d’atteintes à la probité","En savoir plus sur la donnée",""
"Qualité et catégorie socio-professionnelle (CSP) des prévenus",63,"Qualité",1,"Données 2021",1,"Données 2021_Qualité_AGENTS PUBLICS",0,"",0,"",0,0,"",0,"",0,1,"Répartition par qualité des prévenus",1,0,"",0,"c","c","",0,"departements","AGENTS PUBLICS","AGENTS PUBLICS","https://www.agence-francaise-anticorruption.gouv.fr/fr","Note de lecture : Sur l’échantillon de 94 décisions de justice rendues en 2021 et analysées par l’AFA, 27,2% des prévenus étaient des agents publics. Explications : Cette classification a été créée par l’AFA. La catégorie « particuliers » regroupe les prévenus auxquels on reproche des faits d’atteinte à la probité commis en dehors de leur activité professionnelle. Dans l’échantillon analysé, aucune personne morale de droit public n’a été renvoyée devant une juridiction pénale. Méthode de comptage : Calcul de répartition des prévenus selon leur qualité. Source : Analyse par l’AFA de 94 décisions de justice rendues en 2021 en matière d’atteintes à la probité. ","Infractions en 2020","%","Analyse par l’AFA de 94 décisions de justice rendues en 2021 en matière d’atteintes à la probité","En savoir plus sur la donnée",""
"Qualité et catégorie socio-professionnelle (CSP) des prévenus",63,"Qualité",1,"Données 2021",1,"Données 2021_Qualité_DIRIGEANTS DE SOCIETE",0,"",0,"",0,0,"",0,"",0,1,"Répartition par qualité des prévenus",1,0,"",0,"c","c","",0,"departements","DIRIGEANTS DE SOCIETE","DIRIGEANTS DE SOCIETE","https://www.agence-francaise-anticorruption.gouv.fr/fr","Note de lecture : Sur l’échantillon de 94 décisions de justice rendues en 2021 et analysées par l’AFA, 27,2% des prévenus étaient des agents publics. Explications : Cette classification a été créée par l’AFA. La catégorie « particuliers » regroupe les prévenus auxquels on reproche des faits d’atteinte à la probité commis en dehors de leur activité professionnelle. Dans l’échantillon analysé, aucune personne morale de droit public n’a été renvoyée devant une juridiction pénale. Méthode de comptage : Calcul de répartition des prévenus selon leur qualité. ","Infractions en 2020","%","Analyse par l’AFA de 94 décisions de justice rendues en 2021 en matière d’atteintes à la probité","En savoir plus sur la donnée",""
"Qualité et catégorie socio-professionnelle (CSP) des prévenus",63,"Qualité",1,"Données 2021",1,"Données 2021_Qualité_PARTICULIERS",0,"",0,"",0,0,"",0,"",0,1,"Répartition par qualité des prévenus",1,0,"",0,"c","c","",0,"departements","PARTICULIERS","PARTICULIERS","https://www.agence-francaise-anticorruption.gouv.fr/fr","Note de lecture : Sur l’échantillon de 94 décisions de justice rendues en 2021 et analysées par l’AFA, 27,2% des prévenus étaient des agents publics. Explications : Cette classification a été créée par l’AFA. La catégorie « particuliers » regroupe les prévenus auxquels on reproche des faits d’atteinte à la probité commis en dehors de leur activité professionnelle. Dans l’échantillon analysé, aucune personne morale de droit public n’a été renvoyée devant une juridiction pénale. Méthode de comptage : Calcul de répartition des prévenus selon leur qualité. Source : Analyse par l’AFA de 94 décisions de justice rendues en 2021 en matière d’atteintes à la probité. ","Infractions en 2020","%","Analyse par l’AFA de 94 décisions de justice rendues en 2021 en matière d’atteintes à la probité","En savoir plus sur la donnée",""
"Qualité et catégorie socio-professionnelle (CSP) des prévenus",63,"Qualité",1,"Données 2021",1,"Données 2021_Qualité_ELUS",0,"",0,"",0,0,"",0,"",0,1,"Répartition par qualité des prévenus",1,0,"",0,"c","c","",0,"departements","ELUS","ELUS","https://www.agence-francaise-anticorruption.gouv.fr/fr","Note de lecture : Sur l’échantillon de 94 décisions de justice rendues en 2021 et analysées par l’AFA, 27,2% des prévenus étaient des agents publics. Explications : Cette classification a été créée par l’AFA. La catégorie « particuliers » regroupe les prévenus auxquels on reproche des faits d’atteinte à la probité commis en dehors de leur activité professionnelle. Dans l’échantillon analysé, aucune personne morale de droit public n’a été renvoyée devant une juridiction pénale. Méthode de comptage : Calcul de répartition des prévenus selon leur qualité. ","Infractions en 2020","%","Analyse par l’AFA de 94 décisions de justice rendues en 2021 en matière d’atteintes à la probité","En savoir plus sur la donnée",""
"Qualité et catégorie socio-professionnelle (CSP) des prévenus",63,"Qualité",1,"Données 2021",1,"Données 2021_Qualité_EMPLOYES",0,"",0,"",0,0,"",0,"",0,1,"Répartition par qualité des prévenus",1,0,"",0,"c","c","",0,"departements","EMPLOYES","EMPLOYES","https://www.agence-francaise-anticorruption.gouv.fr/fr","Note de lecture : Sur l’échantillon de 94 décisions de justice rendues en 2021 et analysées par l’AFA, 27,2% des prévenus étaient des agents publics. Explications : Cette classification a été créée par l’AFA. La catégorie « particuliers » regroupe les prévenus auxquels on reproche des faits d’atteinte à la probité commis en dehors de leur activité professionnelle. Dans l’échantillon analysé, aucune personne morale de droit public n’a été renvoyée devant une juridiction pénale. Méthode de comptage : Calcul de répartition des prévenus selon leur qualité. ","Infractions en 2020","%","Analyse par l’AFA de 94 décisions de justice rendues en 2021 en matière d’atteintes à la probité","En savoir plus sur la donnée",""
"Qualité et catégorie socio-professionnelle (CSP) des prévenus",63,"Qualité",1,"Données 2021",1,"Données 2021_Qualité_PERSONNE MORALE DE DROIT PUBLIC",0,"",0,"",0,0,"",0,"",0,1,"Répartition par qualité des prévenus",1,0,"",0,"c","c","",0,"departements","PERSONNE MORALE DE DROIT PUBLIC","PERSONNE MORALE DE DROIT PUBLIC","https://www.agence-francaise-anticorruption.gouv.fr/fr","Note de lecture : Sur l’échantillon de 94 décisions de justice rendues en 2021 et analysées par l’AFA, 27,2% des prévenus étaient des agents publics. Explications : Cette classification a été créée par l’AFA. La catégorie « particuliers » regroupe les prévenus auxquels on reproche des faits d’atteinte à la probité commis en dehors de leur activité professionnelle. Dans l’échantillon analysé, aucune personne morale de droit public n’a été renvoyée devant une juridiction pénale. Méthode de comptage : Calcul de répartition des prévenus selon leur qualité.","Infractions en 2020","%","Analyse par l’AFA de 94 décisions de justice rendues en 2021 en matière d’atteintes à la probité","En savoir plus sur la donnée",""
"Qualité et catégorie socio-professionnelle (CSP) des prévenus",63,"Qualité",1,"Données 2021",1,"Données 2021_Qualité_PERSONNE MORALE DE DROIT PRIVE",0,"",0,"",0,0,"",0,"",0,1,"Répartition par qualité des prévenus",1,0,"",0,"c","c","",0,"departements","PERSONNE MORALE DE DROIT PRIVE","PERSONNE MORALE DE DROIT PRIVE","https://www.agence-francaise-anticorruption.gouv.fr/fr","Note de lecture : Sur l’échantillon de 94 décisions de justice rendues en 2021 et analysées par l’AFA, 27,2% des prévenus étaient des agents publics. Explications : Cette classification a été créée par l’AFA. La catégorie « particuliers » regroupe les prévenus auxquels on reproche des faits d’atteinte à la probité commis en dehors de leur activité professionnelle. Dans l’échantillon analysé, aucune personne morale de droit public n’a été renvoyée devant une juridiction pénale. Méthode de comptage : Calcul de répartition des prévenus selon leur qualité.","Infractions en 2020","%","Analyse par l’AFA de 94 décisions de justice rendues en 2021 en matière d’atteintes à la probité","En savoir plus sur la donnée",""
"Qualité et catégorie socio-professionnelle (CSP) des prévenus",64,"Catégorie socio-professionnelle",1,"Données 2021",1,"Données 2021_Catégorie socio-professionnelle_CADRES DE LA FONCTION PUBLIQUE PROFESSIONS INTELLECTUELLES ET  ARTISTIQUES",0,"",0,"",0,0,"",0,"",0,1,"Répartition des prévenus par catégorie socio-professionnelle",1,0,"",0,"c","c","",0,"departements","CADRES DE LA FONCTION PUBLIQUE PROFESSIONS INTELLECTUELLES ET  ARTISTIQUES","CADRES DE LA FONCTION PUBLIQUE PROFESSIONS INTELLECTUELLES ET  ARTISTIQUES","https://www.agence-francaise-anticorruption.gouv.fr/fr","Note de lecture : Sur l’échantillon de 94 décisions de justice, rendues en 2021 et analysées par l’AFA, 6,5 % étaient des chefs d’entreprises d’au moins 10 salariés.  Explications : Cette classification correspond à la nomenclature PCS 2003 – Niveau 2 de l’INSEE qui comprend 24 postes. Méthode de comptage : Calcul de répartition des prévenus selon leur CSP.","Infractions en 2020","%","Analyse par l’AFA de 94 décisions de justice rendues en 2021 en matière d’atteintes à la probité","En savoir plus sur la donnée",""
"Qualité et catégorie socio-professionnelle (CSP) des prévenus",64,"Catégorie socio-professionnelle",1,"Données 2021",1,"Données 2021_Catégorie socio-professionnelle_CADRES D'ENTREPRISE",0,"",0,"",0,0,"",0,"",0,1,"Répartition des prévenus par catégorie socio-professionnelle",1,0,"",0,"c","c","",0,"departements","CADRES D'ENTREPRISE","CADRES D'ENTREPRISE","https://www.agence-francaise-anticorruption.gouv.fr/fr","Note de lecture : Sur l’échantillon de 94 décisions de justice, rendues en 2021 et analysées par l’AFA, 6,5 % étaient des chefs d’entreprises d’au moins 10 salariés.  Explications : Cette classification correspond à la nomenclature PCS 2003 – Niveau 2 de l’INSEE qui comprend 24 postes. Méthode de comptage : Calcul de répartition des prévenus selon leur CSP.","Infractions en 2020","%","Analyse par l’AFA de 94 décisions de justice rendues en 2021 en matière d’atteintes à la probité","En savoir plus sur la donnée",""
"Qualité et catégorie socio-professionnelle (CSP) des prévenus",64,"Catégorie socio-professionnelle",1,"Données 2021",1,"Données 2021_Catégorie socio-professionnelle_EMPLOYÉS DE LA FONCTION PUBLIQUE",0,"",0,"",0,0,"",0,"",0,1,"Répartition des prévenus par catégorie socio-professionnelle",1,0,"",0,"c","c","",0,"departements","EMPLOYÉS DE LA FONCTION PUBLIQUE","EMPLOYÉS DE LA FONCTION PUBLIQUE","https://www.agence-francaise-anticorruption.gouv.fr/fr","Note de lecture : Sur l’échantillon de 94 décisions de justice, rendues en 2021 et analysées par l’AFA, 6,5 % étaient des chefs d’entreprises d’au moins 10 salariés.  Explications : Cette classification correspond à la nomenclature PCS 2003 – Niveau 2 de l’INSEE qui comprend 24 postes. Méthode de comptage : Calcul de répartition des prévenus selon leur CSP.","Infractions en 2020","%","Analyse par l’AFA de 94 décisions de justice rendues en 2021 en matière d’atteintes à la probité","En savoir plus sur la donnée",""
"Qualité et catégorie socio-professionnelle (CSP) des prévenus",64,"Catégorie socio-professionnelle",1,"Données 2021",1,"Données 2021_Catégorie socio-professionnelle_AUTRE",0,"",0,"",0,0,"",0,"",0,1,"Répartition des prévenus par catégorie socio-professionnelle",1,0,"",0,"c","c","",0,"departements","AUTRE","AUTRE","https://www.agence-francaise-anticorruption.gouv.fr/fr","Note de lecture : Sur l’échantillon de 94 décisions de justice, rendues en 2021 et analysées par l’AFA, 6,5 % étaient des chefs d’entreprises d’au moins 10 salariés.  Explications : Cette classification correspond à la nomenclature PCS 2003 – Niveau 2 de l’INSEE qui comprend 24 postes. Méthode de comptage : Calcul de répartition des prévenus selon leur CSP.","Infractions en 2020","%","Analyse par l’AFA de 94 décisions de justice rendues en 2021 en matière d’atteintes à la probité","En savoir plus sur la donnée",""
"Qualité et catégorie socio-professionnelle (CSP) des prévenus",64,"Catégorie socio-professionnelle",1,"Données 2021",1,"Données 2021_Catégorie socio-professionnelle_NON RENSEIGNE",0,"",0,"",0,0,"",0,"",0,1,"Répartition des prévenus par catégorie socio-professionnelle",1,0,"",0,"c","c","",0,"departements","NON RENSEIGNE","NON RENSEIGNE","https://www.agence-francaise-anticorruption.gouv.fr/fr","Note de lecture : Sur l’échantillon de 94 décisions de justice, rendues en 2021 et analysées par l’AFA, 6,5 % étaient des chefs d’entreprises d’au moins 10 salariés.  Explications : Cette classification correspond à la nomenclature PCS 2003 – Niveau 2 de l’INSEE qui comprend 24 postes. Méthode de comptage : Calcul de répartition des prévenus selon leur CSP.","Infractions en 2020","%","Analyse par l’AFA de 94 décisions de justice rendues en 2021 en matière d’atteintes à la probité","En savoir plus sur la donnée",""
"Qualité et catégorie socio-professionnelle (CSP) des prévenus",64,"Catégorie socio-professionnelle",1,"Données 2021",1,"Données 2021_Catégorie socio-professionnelle_CHEFS D'ENTREPRISE DE 10 SALARIÉS OU PLUS",0,"",0,"",0,0,"",0,"",0,1,"Répartition des prévenus par catégorie socio-professionnelle",1,0,"",0,"c","c","",0,"departements","CHEFS D'ENTREPRISE DE 10 SALARIÉS OU PLUS","CHEFS D'ENTREPRISE DE 10 SALARIÉS OU PLUS","https://www.agence-francaise-anticorruption.gouv.fr/fr","Note de lecture : Sur l’échantillon de 94 décisions de justice, rendues en 2021 et analysées par l’AFA, 6,5 % étaient des chefs d’entreprises d’au moins 10 salariés.  Explications : Cette classification correspond à la nomenclature PCS 2003 – Niveau 2 de l’INSEE qui comprend 24 postes. Méthode de comptage : Calcul de répartition des prévenus selon leur CSP.","Infractions en 2020","%","Analyse par l’AFA de 94 décisions de justice rendues en 2021 en matière d’atteintes à la probité","En savoir plus sur la donnée",""
"Qualité et catégorie socio-professionnelle (CSP) des prévenus",64,"Catégorie socio-professionnelle",1,"Données 2021",1,"Données 2021_Catégorie socio-professionnelle_INACTIFS DIVERS (AUTRES QUE RETRAITÉS)",0,"",0,"",0,0,"",0,"",0,1,"Répartition des prévenus par catégorie socio-professionnelle",1,0,"",0,"c","c","",0,"departements","INACTIFS DIVERS (AUTRES QUE RETRAITÉS)","INACTIFS DIVERS (AUTRES QUE RETRAITÉS)","https://www.agence-francaise-anticorruption.gouv.fr/fr","Note de lecture : Sur l’échantillon de 94 décisions de justice, rendues en 2021 et analysées par l’AFA, 6,5 % étaient des chefs d’entreprises d’au moins 10 salariés.  Explications : Cette classification correspond à la nomenclature PCS 2003 – Niveau 2 de l’INSEE qui comprend 24 postes. Méthode de comptage : Calcul de répartition des prévenus selon leur CSP.","Infractions en 2020","%","Analyse par l’AFA de 94 décisions de justice rendues en 2021 en matière d’atteintes à la probité","En savoir plus sur la donnée",""
"Caractéristiques de la procédure",71,"Origine de l’affaire",1,"Données 2021",1,"Données 2021_Origine de l’affaire_NON RENSEIGNE",0,"",0,"",0,0,"",0,"",0,1,"Origine de l’affaire",1,0,"",0,"c","c","",0,"departements","NON RENSEIGNE","NON RENSEIGNE","https://www.agence-francaise-anticorruption.gouv.fr/fr","Note de lecture : Sur l’échantillon de 94 décisions de justice rendues en 2021 et analysées par l’AFA :     •  12,8% des affaires avaient pour origine une plainte ;     • les signalements à l’autorité judiciaire, effectués par les autorités et administrations publiques dans le cadre de l’article 40 alinéa 2 du Code de procédure pénale, sont à l’origine de 25,5 % des procédures.  Explications : Une enquête peut être ouverte, sur directive du parquet ou sur initiative des enquêteurs, à la suite de plusieurs faits : plainte, signalement, dénonciation anonyme, etc.  L’article 40 alinéa 2 du Code de procédure pénale dispose que « Toute autorité constituée, tout officier public ou fonctionnaire qui, dans l'exercice de ses fonctions, acquiert la connaissance d'un crime ou d'un délit est tenu d'en donner avis sans délai au procureur de la République et de transmettre à ce magistrat tous les renseignements, procès-verbaux et actes qui y sont relatifs. »  Méthode de comptage : Calcul de répartition des affaires selon leur origine.","Infractions en 2020","%","Analyse par l’AFA de 94 décisions de justice rendues en 2021 en matière d’atteintes à la probité","En savoir plus sur la donnée",""
"Caractéristiques de la procédure",71,"Origine de l’affaire",1,"Données 2021",1,"Données 2021_Origine de l’affaire_ARTICLE 40 al.2",0,"",0,"",0,0,"",0,"",0,1,"Origine de l’affaire",1,0,"",0,"c","c","",0,"departements","ARTICLE 40 al.2","ARTICLE 40 al.2","https://www.agence-francaise-anticorruption.gouv.fr/fr","Note de lecture : Sur l’échantillon de 94 décisions de justice rendues en 2021 et analysées par l’AFA :     •  12,8% des affaires avaient pour origine une plainte ;     • les signalements à l’autorité judiciaire, effectués par les autorités et administrations publiques dans le cadre de l’article 40 alinéa 2 du Code de procédure pénale, sont à l’origine de 25,5 % des procédures.  Explications : Une enquête peut être ouverte, sur directive du parquet ou sur initiative des enquêteurs, à la suite de plusieurs faits : plainte, signalement, dénonciation anonyme, etc.  L’article 40 alinéa 2 du Code de procédure pénale dispose que « Toute autorité constituée, tout officier public ou fonctionnaire qui, dans l'exercice de ses fonctions, acquiert la connaissance d'un crime ou d'un délit est tenu d'en donner avis sans délai au procureur de la République et de transmettre à ce magistrat tous les renseignements, procès-verbaux et actes qui y sont relatifs. »  Méthode de comptage : Calcul de répartition des affaires selon leur origine.","Infractions en 2020","%","Analyse par l’AFA de 94 décisions de justice rendues en 2021 en matière d’atteintes à la probité","En savoir plus sur la donnée",""
"Caractéristiques de la procédure",71,"Origine de l’affaire",1,"Données 2021",1,"Données 2021_Origine de l’affaire_PLAINTE",0,"",0,"",0,0,"",0,"",0,1,"Origine de l’affaire",1,0,"",0,"c","c","",0,"departements","PLAINTE","PLAINTE","https://www.agence-francaise-anticorruption.gouv.fr/fr","Note de lecture : Sur l’échantillon de 94 décisions de justice rendues en 2021 et analysées par l’AFA :     •  12,8% des affaires avaient pour origine une plainte ;     • les signalements à l’autorité judiciaire, effectués par les autorités et administrations publiques dans le cadre de l’article 40 alinéa 2 du Code de procédure pénale, sont à l’origine de 25,5 % des procédures.  Explications : Une enquête peut être ouverte, sur directive du parquet ou sur initiative des enquêteurs, à la suite de plusieurs faits : plainte, signalement, dénonciation anonyme, etc.  L’article 40 alinéa 2 du Code de procédure pénale dispose que « Toute autorité constituée, tout officier public ou fonctionnaire qui, dans l'exercice de ses fonctions, acquiert la connaissance d'un crime ou d'un délit est tenu d'en donner avis sans délai au procureur de la République et de transmettre à ce magistrat tous les renseignements, procès-verbaux et actes qui y sont relatifs. »  Méthode de comptage : Calcul de répartition des affaires selon leur origine.","Infractions en 2020","%","Analyse par l’AFA de 94 décisions de justice rendues en 2021 en matière d’atteintes à la probité","En savoir plus sur la donnée",""
"Caractéristiques de la procédure",71,"Origine de l’affaire",1,"Données 2021",1,"Données 2021_Origine de l’affaire_LETTRE ANONYME",0,"",0,"",0,0,"",0,"",0,1,"Origine de l’affaire",1,0,"",0,"c","c","",0,"departements","LETTRE ANONYME","LETTRE ANONYME","https://www.agence-francaise-anticorruption.gouv.fr/fr","Note de lecture : Sur l’échantillon de 94 décisions de justice rendues en 2021 et analysées par l’AFA :     •  12,8% des affaires avaient pour origine une plainte ;     • les signalements à l’autorité judiciaire, effectués par les autorités et administrations publiques dans le cadre de l’article 40 alinéa 2 du Code de procédure pénale, sont à l’origine de 25,5 % des procédures.  Explications : Une enquête peut être ouverte, sur directive du parquet ou sur initiative des enquêteurs, à la suite de plusieurs faits : plainte, signalement, dénonciation anonyme, etc.  L’article 40 alinéa 2 du Code de procédure pénale dispose que « Toute autorité constituée, tout officier public ou fonctionnaire qui, dans l'exercice de ses fonctions, acquiert la connaissance d'un crime ou d'un délit est tenu d'en donner avis sans délai au procureur de la République et de transmettre à ce magistrat tous les renseignements, procès-verbaux et actes qui y sont relatifs. »  Méthode de comptage : Calcul de répartition des affaires selon leur origine.","Infractions en 2020","%","Analyse par l’AFA de 94 décisions de justice rendues en 2021 en matière d’atteintes à la probité","En savoir plus sur la donnée",""
"Caractéristiques de la procédure",71,"Origine de l’affaire",1,"Données 2021",1,"Données 2021_Origine de l’affaire_CITATION DIRECTE",0,"",0,"",0,0,"",0,"",0,1,"Origine de l’affaire",1,0,"",0,"c","c","",0,"departements","CITATION DIRECTE","CITATION DIRECTE","https://www.agence-francaise-anticorruption.gouv.fr/fr","Note de lecture : Sur l’échantillon de 94 décisions de justice rendues en 2021 et analysées par l’AFA :     •  12,8% des affaires avaient pour origine une plainte ;     • les signalements à l’autorité judiciaire, effectués par les autorités et administrations publiques dans le cadre de l’article 40 alinéa 2 du Code de procédure pénale, sont à l’origine de 25,5 % des procédures.  Explications : Une enquête peut être ouverte, sur directive du parquet ou sur initiative des enquêteurs, à la suite de plusieurs faits : plainte, signalement, dénonciation anonyme, etc.  L’article 40 alinéa 2 du Code de procédure pénale dispose que « Toute autorité constituée, tout officier public ou fonctionnaire qui, dans l'exercice de ses fonctions, acquiert la connaissance d'un crime ou d'un délit est tenu d'en donner avis sans délai au procureur de la République et de transmettre à ce magistrat tous les renseignements, procès-verbaux et actes qui y sont relatifs. »  Méthode de comptage : Calcul de répartition des affaires selon leur origine.","Infractions en 2020","%","Analyse par l’AFA de 94 décisions de justice rendues en 2021 en matière d’atteintes à la probité","En savoir plus sur la donnée",""
"Caractéristiques de la procédure",71,"Origine de l’affaire",1,"Données 2021",1,"Données 2021_Origine de l’affaire_AUTRE",0,"",0,"",0,0,"",0,"",0,1,"Origine de l’affaire",1,0,"",0,"c","c","",0,"departements","AUTRE","AUTRE","https://www.agence-francaise-anticorruption.gouv.fr/fr","Note de lecture : Sur l’échantillon de 94 décisions de justice rendues en 2021 et analysées par l’AFA :     •  12,8% des affaires avaient pour origine une plainte ;     • les signalements à l’autorité judiciaire, effectués par les autorités et administrations publiques dans le cadre de l’article 40 alinéa 2 du Code de procédure pénale, sont à l’origine de 25,5 % des procédures.  Explications : Une enquête peut être ouverte, sur directive du parquet ou sur initiative des enquêteurs, à la suite de plusieurs faits : plainte, signalement, dénonciation anonyme, etc.  L’article 40 alinéa 2 du Code de procédure pénale dispose que « Toute autorité constituée, tout officier public ou fonctionnaire qui, dans l'exercice de ses fonctions, acquiert la connaissance d'un crime ou d'un délit est tenu d'en donner avis sans délai au procureur de la République et de transmettre à ce magistrat tous les renseignements, procès-verbaux et actes qui y sont relatifs. »  Méthode de comptage : Calcul de répartition des affaires selon leur origine.","Infractions en 2020","%","Analyse par l’AFA de 94 décisions de justice rendues en 2021 en matière d’atteintes à la probité","En savoir plus sur la donnée",""
"Caractéristiques de la procédure",72,"Indicateurs procédure",1,"Données 2021",4,"Données 2021_Indicateurs procédure_Durée moyenne de la période de prévention",0,"",0,"",0,0,"",1,"",0,0,"",1,0,"",0,"c","c","",0,"departements","Durée moyenne de la période de prévention","Durée moyenne de la période de prévention","https://www.agence-francaise-anticorruption.gouv.fr/fr","Notes de lecture :  Sur l’échantillon de 94 décisions de justice rendues en 2021 et analysées par l’AFA :     • la durée moyenne de la procédure est d’un peu plus de 4 ans et 9 mois ;     • la durée moyenne de la période de prévention est de 2 ans.  Explications : Dans cette analyse, la durée de procédure s’entend comme la durée qui s’écoule depuis la fin de la période de prévention jusqu’à la date du jugement de première instance.  La période de prévention est la période durant laquelle les infractions pénales reprochées à un prévenu ont été commises. Elle peut être d’un jour pour les infractions se consommant immédiatement, mais peut également durer plusieurs années. Méthode de comptage : Moyennes réalisées à partir des données relevées par l’AFA dans les décisions de justice analysées.","ans","%","Analyse par l’AFA de 94 décisions de justice rendues en 2021 en matière d’atteintes à la probité","En savoir plus sur la donnée",""
"Caractéristiques de la procédure",72,"Indicateurs procédure",1,"Données 2021",4,"Données 2021_Indicateurs procédure_Durée moyenne de la procédure",0,"",0,"",0,0,"",1,"",0,0,"",1,0,"",0,"c","c","",0,"departements","Durée moyenne de la procédure","Durée moyenne de la procédure","https://www.agence-francaise-anticorruption.gouv.fr/fr","Notes de lecture :  Sur l’échantillon de 94 décisions de justice rendues en 2021 et analysées par l’AFA :     • la durée moyenne de la procédure est d’un peu plus de 4 ans et 9 mois ;     • la durée moyenne de la période de prévention est de 2 ans.  Explications : Dans cette analyse, la durée de procédure s’entend comme la durée qui s’écoule depuis la fin de la période de prévention jusqu’à la date du jugement de première instance.  La période de prévention est la période durant laquelle les infractions pénales reprochées à un prévenu ont été commises. Elle peut être d’un jour pour les infractions se consommant immédiatement, mais peut également durer plusieurs années. Méthode de comptage : Moyennes réalisées à partir des données relevées par l’AFA dans les décisions de justice analysées. ","ans","ans","Analyse par l’AFA de 94 décisions de justice rendues en 2021 en matière d’atteintes à la probité","En savoir plus sur la donnée",""
"Analyse de la décision judiciaire",91,"Sens de la décision",1,"Données 2021",3,"Données 2021_Sens de la décision_CONDAMNATION",0,"",0,"",0,0,"",0,"",0,1,"Répartition selon le sens de la décision",1,0,"",0,"c","c","",0,"departements","CONDAMNATION","CONDAMNATION","https://www.agence-francaise-anticorruption.gouv.fr/fr","Note de lecture : Sur l’échantillon de 94 décisions de justice rendues en 2021 et analysées par l’AFA, le taux de sanction pénale est de 66,0%. Plus de 6 infractions d’atteintes à la probité poursuivies sur 10 aboutissent à une sanction pénale.   Explications : La relaxe est une décision prise par une juridiction pénale de jugement autre que la Cour d'assises (tribunal correctionnel ou tribunal de police), qui déclare non coupable le prévenu renvoyée devant elle.  L’extinction de l’action publique est constatée lorsque les conditions nécessaires pour poursuivre une personne ne sont plus réunies (décès du prévenu, prescription des faits, amnistie, abrogation de la loi pénale, autorité de la chose jugée, retrait de la plainte pour certaines infractions etc.).  La catégorie « autre » regroupe les situations suivantes : annulation de la procédure, nullité des poursuites, irrecevabilité de la citation directe devant le tribunal, déclaration de culpabilité avec dispense de peine etc. Méthode de comptage : Calcul de répartition par infractions selon le sens de la décision. ","Infractions en 2020","%","Analyse par l’AFA de 94 décisions de justice rendues en 2021 en matière d’atteintes à la probité","En savoir plus sur la donnée",""
"Analyse de la décision judiciaire",91,"Sens de la décision",1,"Données 2021",3,"Données 2021_Sens de la décision_RELAXE",0,"",0,"",0,0,"",0,"",0,1,"Répartition selon le sens de la décision",1,0,1.0,0,"c","c","",0,"departements","RELAXE","RELAXE","https://www.agence-francaise-anticorruption.gouv.fr/fr","Note de lecture : Sur l’échantillon de 94 décisions de justice rendues en 2021 et analysées par l’AFA, le taux de sanction pénale est de 66,0%. Plus de 6 infractions d’atteintes à la probité poursuivies sur 10 aboutissent à une sanction pénale.   Explications : La relaxe est une décision prise par une juridiction pénale de jugement autre que la Cour d'assises (tribunal correctionnel ou tribunal de police), qui déclare non coupable le prévenu renvoyée devant elle.  L’extinction de l’action publique est constatée lorsque les conditions nécessaires pour poursuivre une personne ne sont plus réunies (décès du prévenu, prescription des faits, amnistie, abrogation de la loi pénale, autorité de la chose jugée, retrait de la plainte pour certaines infractions etc.).  La catégorie « autre » regroupe les situations suivantes : annulation de la procédure, nullité des poursuites, irrecevabilité de la citation directe devant le tribunal, déclaration de culpabilité avec dispense de peine etc. Méthode de comptage : Calcul de répartition par infractions selon le sens de la décision.  Source : Analyse par l’AFA de 94 décisions de justice rendues en 2021 en matière d’atteintes à la probité.","Infractions en 2020","%","Analyse par l’AFA de 94 décisions de justice rendues en 2021 en matière d’atteintes à la probité","En savoir plus sur la donnée",""
"Analyse de la décision judiciaire",91,"Sens de la décision",1,"Données 2021",3,"Données 2021_Sens de la décision_AUTRE",0,"",0,"",0,0,"",0,"",0,1,"Répartition selon le sens de la décision",1,0,"",0,"c","c",1.0,0,"departements","AUTRE","AUTRE","https://www.agence-francaise-anticorruption.gouv.fr/fr","Note de lecture : Sur l’échantillon de 94 décisions de justice rendues en 2021 et analysées par l’AFA, le taux de sanction pénale est de 66,0%. Plus de 6 infractions d’atteintes à la probité poursuivies sur 10 aboutissent à une sanction pénale.   Explications : La relaxe est une décision prise par une juridiction pénale de jugement autre que la Cour d'assises (tribunal correctionnel ou tribunal de police), qui déclare non coupable le prévenu renvoyée devant elle.  L’extinction de l’action publique est constatée lorsque les conditions nécessaires pour poursuivre une personne ne sont plus réunies (décès du prévenu, prescription des faits, amnistie, abrogation de la loi pénale, autorité de la chose jugée, retrait de la plainte pour certaines infractions etc.).  La catégorie « autre » regroupe les situations suivantes : annulation de la procédure, nullité des poursuites, irrecevabilité de la citation directe devant le tribunal, déclaration de culpabilité avec dispense de peine etc. Méthode de comptage : Calcul de répartition par infractions selon le sens de la décision. ","Infractions en 2020","%","Analyse par l’AFA de 94 décisions de justice rendues en 2021 en matière d’atteintes à la probité","En savoir plus sur la donnée",""
"Analyse de la décision judiciaire",91,"Sens de la décision",1,"Données 2021",3,"Données 2021_Sens de la décision_EXTINCTION ACTION PUBLIQUE",0,"",0,"",0,0,"",0,"",0,1,"Répartition selon le sens de la décision",1,0,"",0,"c","c","",0,"departements","EXTINCTION ACTION PUBLIQUE","EXTINCTION ACTION PUBLIQUE","https://www.agence-francaise-anticorruption.gouv.fr/fr","Note de lecture : Sur l’échantillon de 94 décisions de justice rendues en 2021 et analysées par l’AFA, le taux de sanction pénale est de 66,0%. Plus de 6 infractions d’atteintes à la probité poursuivies sur 10 aboutissent à une sanction pénale.   Explications : La relaxe est une décision prise par une juridiction pénale de jugement autre que la Cour d'assises (tribunal correctionnel ou tribunal de police), qui déclare non coupable le prévenu renvoyée devant elle.  L’extinction de l’action publique est constatée lorsque les conditions nécessaires pour poursuivre une personne ne sont plus réunies (décès du prévenu, prescription des faits, amnistie, abrogation de la loi pénale, autorité de la chose jugée, retrait de la plainte pour certaines infractions etc.).  La catégorie « autre » regroupe les situations suivantes : annulation de la procédure, nullité des poursuites, irrecevabilité de la citation directe devant le tribunal, déclaration de culpabilité avec dispense de peine etc. Méthode de comptage : Calcul de répartition par infractions selon le sens de la décision.","Infractions en 2020","%","Analyse par l’AFA de 94 décisions de justice rendues en 2021 en matière d’atteintes à la probité","En savoir plus sur la donnée",""
"Analyse de la décision judiciaire",93,"Type de peine",1,"Données 2021",1,"Données 2021_Type de peine_EMPRISONNEMENT ET AMENDE",0,"",0,"",0,0,"",0,"",0,1,"Répartition selon le type de peines prononcées",1,0,"",0,"c","c","",0,"departements","EMPRISONNEMENT ET AMENDE","EMPRISONNEMENT ET AMENDE","https://www.agence-francaise-anticorruption.gouv.fr/fr","Note de lecture : Sur l’échantillon de 94 décisions de justice rendues en 2021 et analysées par l’AFA, 44,5 % des prévenus ont été condamnés à une peine d’emprisonnement et à une amende. Explications : La dispense de peine est une « mesure par laquelle le juge correctionnel ou de police qui a retenu la culpabilité du prévenu décide cependant de ne prononcer aucune sanction contre lui lorsqu’il lui apparaît que son reclassement est acquis, que le dommage est réparé, et que le trouble social occasionné par l’infraction a cessé. » (Lexique Dalloz) Méthode de comptage : Calcul de répartition par infractions selon le type de peines prononcées. ","Infractions en 2020","%","Analyse par l’AFA de 94 décisions de justice rendues en 2021 en matière d’atteintes à la probité","En savoir plus sur la donnée",""
"Analyse de la décision judiciaire",93,"Type de peine",1,"Données 2021",1,"Données 2021_Type de peine_EMPRISONNEMENT",0,"",0,"",0,0,"",0,"",0,1,"Répartition selon le type de peines prononcées",1,0,"",0,"c","c","",0,"departements","EMPRISONNEMENT","EMPRISONNEMENT","https://www.agence-francaise-anticorruption.gouv.fr/fr","Note de lecture : Sur l’échantillon de 94 décisions de justice rendues en 2021 et analysées par l’AFA, 44,5 % des prévenus ont été condamnés à une peine d’emprisonnement et à une amende. Explications : La dispense de peine est une « mesure par laquelle le juge correctionnel ou de police qui a retenu la culpabilité du prévenu décide cependant de ne prononcer aucune sanction contre lui lorsqu’il lui apparaît que son reclassement est acquis, que le dommage est réparé, et que le trouble social occasionné par l’infraction a cessé. » (Lexique Dalloz) Méthode de comptage : Calcul de répartition par infractions selon le type de peines prononcées.  Source : Analyse par l’AFA de 94 décisions de justice rendues en 2021 en matière d’atteintes à la probité.","Infractions en 2020","%","Analyse par l’AFA de 94 décisions de justice rendues en 2021 en matière d’atteintes à la probité","En savoir plus sur la donnée",""
"Analyse de la décision judiciaire",93,"Type de peine",1,"Données 2021",1,"Données 2021_Type de peine_AMENDE",0,"",0,"",0,0,"",0,"",0,1,"Répartition selon le type de peines prononcées",1,0,"",0,"c","c","",0,"departements","AMENDE","AMENDE","https://www.agence-francaise-anticorruption.gouv.fr/fr","Note de lecture : Sur l’échantillon de 94 décisions de justice rendues en 2021 et analysées par l’AFA, 44,5 % des prévenus ont été condamnés à une peine d’emprisonnement et à une amende. Explications : La dispense de peine est une « mesure par laquelle le juge correctionnel ou de police qui a retenu la culpabilité du prévenu décide cependant de ne prononcer aucune sanction contre lui lorsqu’il lui apparaît que son reclassement est acquis, que le dommage est réparé, et que le trouble social occasionné par l’infraction a cessé. » (Lexique Dalloz) Méthode de comptage : Calcul de répartition par infractions selon le type de peines prononcées.  ","Infractions en 2020","%","Analyse par l’AFA de 94 décisions de justice rendues en 2021 en matière d’atteintes à la probité","En savoir plus sur la donnée",""
"Analyse de la décision judiciaire",93,"Type de peine",1,"Données 2021",1,"Données 2021_Type de peine_AUTRE",0,"",0,"",0,0,"",0,"",0,1,"Répartition selon le type de peines prononcées",1,0,"",0,"c","c","",0,"departements","AUTRE","AUTRE","https://www.agence-francaise-anticorruption.gouv.fr/fr","Note de lecture : Sur l’échantillon de 94 décisions de justice rendues en 2021 et analysées par l’AFA, 44,5 % des prévenus ont été condamnés à une peine d’emprisonnement et à une amende. Explications : La dispense de peine est une « mesure par laquelle le juge correctionnel ou de police qui a retenu la culpabilité du prévenu décide cependant de ne prononcer aucune sanction contre lui lorsqu’il lui apparaît que son reclassement est acquis, que le dommage est réparé, et que le trouble social occasionné par l’infraction a cessé. » (Lexique Dalloz) Méthode de comptage : Calcul de répartition par infractions selon le type de peines prononcées.  Source : Analyse par l’AFA de 94 décisions de justice rendues en 2021 en matière d’atteintes à la probité.","Infractions en 2020","%","Analyse par l’AFA de 94 décisions de justice rendues en 2021 en matière d’atteintes à la probité","En savoir plus sur la donnée",""
"Analyse de la décision judiciaire",93,"Type de peine",1,"Données 2021",1,"Données 2021_Type de peine_DISPENSE DE PEINE",0,"",0,"",0,0,"",0,"",0,1,"Répartition selon le type de peines prononcées",1,0,"",0,"c","c","",0,"departements","DISPENSE DE PEINE","DISPENSE DE PEINE","https://www.agence-francaise-anticorruption.gouv.fr/fr","Note de lecture : Sur l’échantillon de 94 décisions de justice rendues en 2021 et analysées par l’AFA, 44,5 % des prévenus ont été condamnés à une peine d’emprisonnement et à une amende. Explications : La dispense de peine est une « mesure par laquelle le juge correctionnel ou de police qui a retenu la culpabilité du prévenu décide cependant de ne prononcer aucune sanction contre lui lorsqu’il lui apparaît que son reclassement est acquis, que le dommage est réparé, et que le trouble social occasionné par l’infraction a cessé. » (Lexique Dalloz) Méthode de comptage : Calcul de répartition par infractions selon le type de peines prononcées.  Source : Analyse par l’AFA de 94 décisions de justice rendues en 2021 en matière d’atteintes à la probité.","Infractions en 2020","%","Analyse par l’AFA de 94 décisions de justice rendues en 2021 en matière d’atteintes à la probité","En savoir plus sur la donnée",""
"Sanction pénale",101,"Personnes physiques",1,"Données 2021",3,"Données 2021_Personnes physiques_Durée moyenne de l’emprisonnement",0,"",0,"",0,0,"",1,"",0,0,"",1,0,"",0,"c","c","",0,"departements","Durée moyenne de l’emprisonnement","Durée moyenne de l’emprisonnement","https://www.agence-francaise-anticorruption.gouv.fr/fr","Note de lecture : Sur l’échantillon de 94 décisions de justice rendues en 2021 et analysées par l’AFA, les personnes physiques prévenues ont été condamnés en moyenne à près de 19 mois d’emprisonnement et à une amende de 21 973€. Explications : En droit français, une personne morale est un groupement doté de la personnalité juridique. Elle peut être composée d’une ou plusieurs personnes physiques ou morales. La personnalité juridique donne à cette personne morale des droits et des devoirs. Une personne morale peut être droit public (État, collectivités territoriales, établissements publics etc.) ou de droit privé (sociétés privées, associations etc.).  Depuis 1994 les personnes morales, à l'exclusion de l'État, sont responsables pénalement des infractions commises, pour leur compte, par leurs organes ou représentants. Les établissements publics, les collectivités territoriales et leurs groupements ne sont responsables que pour les infractions commises dans l'exercice des activités susceptibles de faire l'objet de délégation de service public. Méthode de comptage : Moyennes réalisées à partir des données relatives aux « amendes » et « emprisonnement » des prévenus ayant la qualité de personnes physiques. ","mois","%","Analyse par l’AFA de 94 décisions de justice rendues en 2021 en matière d’atteintes à la probité","En savoir plus sur la donnée",""
"Sanction pénale",101,"Personnes physiques",1,"Données 2021",3,"Données 2021_Personnes physiques_Montant moyen des amendes prononcées (Personnes Physiques)",0,"",0,"",0,0,"",1,"",0,0,"",1,0,"",0,"c","c","",0,"departements","Montant moyen des amendes prononcées (Personnes Physiques)","Montant moyen des amendes prononcées (Personnes Physiques)","https://www.agence-francaise-anticorruption.gouv.fr/fr","Note de lecture : Sur l’échantillon de 94 décisions de justice rendues en 2021 et analysées par l’AFA, les personnes physiques prévenues ont été condamnés en moyenne à près de 19 mois d’emprisonnement et à une amende de 21 973€. Explications : En droit français, une personne morale est un groupement doté de la personnalité juridique. Elle peut être composée d’une ou plusieurs personnes physiques ou morales. La personnalité juridique donne à cette personne morale des droits et des devoirs. Une personne morale peut être droit public (État, collectivités territoriales, établissements publics etc.) ou de droit privé (sociétés privées, associations etc.).  Depuis 1994 les personnes morales, à l'exclusion de l'État, sont responsables pénalement des infractions commises, pour leur compte, par leurs organes ou représentants. Les établissements publics, les collectivités territoriales et leurs groupements ne sont responsables que pour les infractions commises dans l'exercice des activités susceptibles de faire l'objet de délégation de service public. Méthode de comptage : Moyennes réalisées à partir des données relatives aux « amendes » et « emprisonnement » des prévenus ayant la qualité de personnes physiques.  Source : Analyse par l’AFA de 94 décisions de justice rendues en 2021 en matière d’atteintes à la probité.","€","%","Analyse par l’AFA de 94 décisions de justice rendues en 2021 en matière d’atteintes à la probité","En savoir plus sur la donnée",""
"Sanction pénale",102,"Personnes morales",1,"Données 2021",3,"Données 2021_Personnes morales_Montant moyen des amendes prononcées (Personnes Morales)",0,"",0,"",0,0,"",1,"",0,0,"",1,0,"",0,"c","c","",0,"departements","Montant moyen des amendes prononcées (Personnes Morales)","Montant moyen des amendes prononcées (Personnes Morales)","https://www.agence-francaise-anticorruption.gouv.fr/fr","Note de lecture : Sur l’échantillon de 94 décisions de justice rendues en 2021 et analysées par l’AFA, les personnes morales prévenues ont été condamnés en moyenne à une amende de 93 833€. Explications : Par principe, les personnes morales ne pouvant faire l’objet d’une peine d’emprisonnement, elles encourent le quintuple de l’amende encourue par les personnes physiques. Méthode de comptage : Moyennes réalisées à partir des données relatives aux « amendes » et aux personnes morales prévenues.  ","€","%","Analyse par l’AFA de 94 décisions de justice rendues en 2021 en matière d’atteintes à la probité","En savoir plus sur la donnée",""
