Volet,No_Panneau,Titre_panneau,No_Onglet,Titre_onglet,Indicateur_principal,Code_indicateur,Carte,Carte_titre,Graph,Graph_titre,Graph_avec_valeurs,Bar,Bar_titre,Box,Box_titre,Points,Pie,Pie_titre,Pie_legende,Table,Table_titre,Info,Info_titre,Info_contenu,Avec_nom_indicateur,MinGeoLevel,Titre_indicateur,Nom_indicateur,Lien_page_mesure,Description_mesure,Unité_GP,Unité_Evol,source,accordéon,titre_page_mesure
Données issues de l’analyse des décisions de justice,1,Analyse par type de faits,1,Pourcentage,1,ANALYSE_PAR_TYPE_CORRUPTION,0,,0,,0,0,,0,,0,1,Répartition par familles d’infractions,1,0,,0,c,c,,departements,Corruption active,CORRUPTION,,"Note de lecture : En moyenne, entre 2014 et 2020, la corruption a représenté 47,5% des faits d’atteinte à la probité rapportés dans les 111 décisions de justice analysées par l’AFA. Les infractions d’atteinte à la probité regroupent la corruption, le trafic d’influence, le favoritisme, la prise illégale d’intérêts, le détournement de fonds ou de biens publics et la concussion. Dans l’échantillon, aucun fait de concussion n’a été relevé.",Infractions en 2020,%,Analyse par l’AFA de 111 décisions de justice rendues entre 2014 et 2020 en matière d’atteintes à la probité,En savoir plus sur la donnée,
Données issues de l’analyse des décisions de justice,1,Analyse par type de faits,1,Pourcentage,1,ANALYSE_PAR_TYPE_FAVORITISME,0,,0,,0,0,,0,,0,1,,1,0,,0,c,c,,departements,Corruption active,FAVORITISME,https://www.agence-francaise-anticorruption.gouv.fr/fr,"Note de lecture : En moyenne, entre 2014 et 2020, la corruption a représenté 47,5% des faits d’atteinte à la probité rapportés dans les 111 décisions de justice analysées par l’AFA. Les infractions d’atteinte à la probité regroupent la corruption, le trafic d’influence, le favoritisme, la prise illégale d’intérêts, le détournement de fonds ou de biens publics et la concussion. Dans l’échantillon, aucun fait de concussion n’a été relevé.",Infractions en 2020,%,Analyse par l’AFA de 111 décisions de justice rendues entre 2014 et 2020 en matière d’atteintes à la probité,En savoir plus sur la donnée,Vers le site de l'Agence Française Anticorruption
Données issues de l’analyse des décisions de justice,1,Analyse par type de faits,1,Pourcentage,1,ANALYSE_PAR_TYPE_TRAFIC D'INFLUENCE,0,,0,,0,0,,0,,0,1,,1,0,,0,c,c,,departements,Corruption active,TRAFIC D’INFLUENCE,https://www.agence-francaise-anticorruption.gouv.fr/fr,"Note de lecture : En moyenne, entre 2014 et 2020, la corruption a représenté 47,5% des faits d’atteinte à la probité rapportés dans les 111 décisions de justice analysées par l’AFA. Les infractions d’atteinte à la probité regroupent la corruption, le trafic d’influence, le favoritisme, la prise illégale d’intérêts, le détournement de fonds ou de biens publics et la concussion. Dans l’échantillon, aucun fait de concussion n’a été relevé.",Infractions en 2020,%,Analyse par l’AFA de 111 décisions de justice rendues entre 2014 et 2020 en matière d’atteintes à la probité,En savoir plus sur la donnée,Vers le site de l'Agence Française Anticorruption
Données issues de l’analyse des décisions de justice,1,Analyse par type de faits,1,Pourcentage,1,ANALYSE_PAR_TYPE_DETOURNEMENT DE FONDS,0,,0,,0,0,,0,,0,1,,1,0,,0,c,c,,departements,Corruption active,DETOURNEMENT DE FONDS PUBLICS,https://www.agence-francaise-anticorruption.gouv.fr/fr,"Note de lecture : En moyenne, entre 2014 et 2020, la corruption a représenté 47,5% des faits d’atteinte à la probité rapportés dans les 111 décisions de justice analysées par l’AFA. Les infractions d’atteinte à la probité regroupent la corruption, le trafic d’influence, le favoritisme, la prise illégale d’intérêts, le détournement de fonds ou de biens publics et la concussion. Dans l’échantillon, aucun fait de concussion n’a été relevé.",Infractions en 2020,%,Analyse par l’AFA de 111 décisions de justice rendues entre 2014 et 2020 en matière d’atteintes à la probité,En savoir plus sur la donnée,Vers le site de l'Agence Française Anticorruption
Données issues de l’analyse des décisions de justice,1,Analyse par type de faits,1,Pourcentage,1,ANALYSE_PAR_TYPE_PRISE ILLEGALE D'INTERETS,0,,0,,0,0,,0,,0,1,,1,0,,0,c,c,,departements,Corruption active,PRISE ILLEGALE D’INTERETS,https://www.agence-francaise-anticorruption.gouv.fr/fr,"Note de lecture : En moyenne, entre 2014 et 2020, la corruption a représenté 47,5% des faits d’atteinte à la probité rapportés dans les 111 décisions de justice analysées par l’AFA. Les infractions d’atteinte à la probité regroupent la corruption, le trafic d’influence, le favoritisme, la prise illégale d’intérêts, le détournement de fonds ou de biens publics et la concussion. Dans l’échantillon, aucun fait de concussion n’a été relevé.",Infractions en 2020,%,Analyse par l’AFA de 111 décisions de justice rendues entre 2014 et 2020 en matière d’atteintes à la probité,En savoir plus sur la donnée,Vers le site de l'Agence Française Anticorruption
Données issues de l’analyse des décisions de justice,2,Analyse par secteurs économiques concernés,1,Pourcentage,1,secteur économique public concerné,0,,0,,0,0,,0,,0,1,Répartition par secteurs économiques concernés,1,0,,0,c,c,,departements,Favoritisme,PUBLIC,https://www.agence-francaise-anticorruption.gouv.fr/fr,"Note de lecture : En moyenne, entre 2014 et 2020, 63,4% des prévenus  concernés par les 111 décisions de justice analysées par l’AFA appartenaient au secteur privé. Le secteur public comprend autant les agents publics (Etat, collectivités territoriales, établissements publics etc.) que les élus. Chaque secteur comprend à chaque fois les prévenus tant personnes physiques que personnes morales.",Infractions en 2020,%,Analyse par l’AFA de 111 décisions de justice rendues entre 2014 et 2020 en matière d’atteintes à la probité,En savoir plus sur la donnée,Vers le site de l'Agence Française Anticorruption
Données issues de l’analyse des décisions de justice,2,Analyse par secteurs économiques concernés,1,Pourcentage,1,secteur économique privé concerné,0,,0,,0,0,,0,,0,1,Répartition par secteurs économiques concernés,1,0,,0,c,c,,departements,Favoritisme,PRIVE,https://www.agence-francaise-anticorruption.gouv.fr/fr,"Note de lecture : En moyenne, entre 2014 et 2020, 63,4% des prévenus  concernés par les 111 décisions de justice analysées par l’AFA appartenaient au secteur privé. Le secteur public comprend autant les agents publics (Etat, collectivités territoriales, établissements publics etc.) que les élus. Chaque secteur comprend à chaque fois les prévenus tant personnes physiques que personnes morales.",Infractions en 2020,%,Analyse par l’AFA de 111 décisions de justice rendues entre 2014 et 2020 en matière d’atteintes à la probité,En savoir plus sur la donnée,Vers le site de l'Agence Française Anticorruption
Données issues de l’analyse des décisions de justice,3,Profilage des prévenus,1,Répartition des prévenus,1,MISE_EN_CAUSE_POUR_CORRUPTION,0,,0,,0,0,,0,,0,1,Répartition des prévenus par famile d'infractions,1,0,,0,c,c,,departements,Corruption active,CORRUPTION,https://www.agence-francaise-anticorruption.gouv.fr/fr,"Note de lecture : Entre 2014 et 2020, sur l’échantillon de 111 décisions de justice analysées par l’AFA, 47,6 % des prévenus renvoyés devant les juridictions pénales pour des infractions d’atteinte à la probité l’ont été pour des faits de corruption.",Infractions en 2020,%,Analyse par l’AFA de 111 décisions de justice rendues entre 2014 et 2020 en matière d’atteintes à la probité,En savoir plus sur la donnée,Vers le site de l'Agence Française Anticorruption
Données issues de l’analyse des décisions de justice,3,Profilage des prévenus,1,Répartition des prévenus,1,MISE_EN_CAUSE_POUR_FAVORITISME,0,,0,,0,0,,0,,0,1,Répartition des prévenus par famile d'infractions,1,0,,0,c,c,,departements,Corruption active,FAVORITISME,https://www.agence-francaise-anticorruption.gouv.fr/fr,"Note de lecture : Entre 2014 et 2020, sur l’échantillon de 111 décisions de justice analysées par l’AFA, 47,6 % des prévenus renvoyés devant les juridictions pénales pour des infractions d’atteinte à la probité l’ont été pour des faits de corruption.",Infractions en 2020,%,Analyse par l’AFA de 111 décisions de justice rendues entre 2014 et 2020 en matière d’atteintes à la probité,En savoir plus sur la donnée,Vers le site de l'Agence Française Anticorruption
Données issues de l’analyse des décisions de justice,3,Profilage des prévenus,1,Répartition des prévenus,1,MISE_EN_CAUSE_POUR_TRAFIC D'INFLUENCE,0,,0,,0,0,,0,,0,1,Répartition des prévenus par famile d'infractions,1,0,,0,c,c,,departements,Corruption active,TRAFIC D’INFLUENCE,https://www.agence-francaise-anticorruption.gouv.fr/fr,"Note de lecture : Entre 2014 et 2020, sur l’échantillon de 111 décisions de justice analysées par l’AFA, 47,6 % des prévenus renvoyés devant les juridictions pénales pour des infractions d’atteinte à la probité l’ont été pour des faits de corruption.",Infractions en 2020,%,Analyse par l’AFA de 111 décisions de justice rendues entre 2014 et 2020 en matière d’atteintes à la probité,En savoir plus sur la donnée,Vers le site de l'Agence Française Anticorruption
Données issues de l’analyse des décisions de justice,3,Profilage des prévenus,1,Répartition des prévenus,1,MISE_EN_CAUSE_POUR_DETOURNEMENT DE FONDS,0,,0,,0,0,,0,,0,1,Répartition des prévenus par famile d'infractions,1,0,,0,c,c,,departements,Corruption active,DETOURNEMENT DE FONDS,https://www.agence-francaise-anticorruption.gouv.fr/fr,"Note de lecture : Entre 2014 et 2020, sur l’échantillon de 111 décisions de justice analysées par l’AFA, 47,6 % des prévenus renvoyés devant les juridictions pénales pour des infractions d’atteinte à la probité l’ont été pour des faits de corruption.",Infractions en 2020,%,Analyse par l’AFA de 111 décisions de justice rendues entre 2014 et 2020 en matière d’atteintes à la probité,En savoir plus sur la donnée,Vers le site de l'Agence Française Anticorruption
Données issues de l’analyse des décisions de justice,3,Profilage des prévenus,1,Répartition des prévenus,1,MISE_EN_CAUSE_POUR_PRISE ILLEGALE D'INTERETS,0,,0,,0,0,,0,,0,1,Répartition des prévenus par famile d'infractions,1,0,,0,c,c,,departements,Corruption active,PRISE ILLEGALE D’INTERETS,https://www.agence-francaise-anticorruption.gouv.fr/fr,"Note de lecture : Entre 2014 et 2020, sur l’échantillon de 111 décisions de justice analysées par l’AFA, 47,6 % des prévenus renvoyés devant les juridictions pénales pour des infractions d’atteinte à la probité l’ont été pour des faits de corruption.",Infractions en 2020,%,Analyse par l’AFA de 111 décisions de justice rendues entre 2014 et 2020 en matière d’atteintes à la probité,En savoir plus sur la donnée,Vers le site de l'Agence Française Anticorruption
Données issues de l’analyse des décisions de justice,3,Profilage des prévenus,2,Indicateurs,1,NOMBRE_MOY_PREV,0,,0,,0,0,,1,,0,0,,1,0,,0,c,c,,departements,Nombre moyen de prévenus par affaire,,https://www.agence-francaise-anticorruption.gouv.fr/fr,"Les atteintes à la probité  sont definies par : la corruption, le trafics d’influence, l’ingérence,  la prise illégale d’intérêt, le détournement de biens publics et le conflit d’intérêts.",prévenus,%,Analyse par l’AFA de 111 décisions de justice rendues entre 2014 et 2020 en matière d’atteintes à la probité,En savoir plus sur la donnée,Vers le site de l'Agence Française Anticorruption
Données issues de l’analyse des décisions de justice,3,Profilage des prévenus,2,Indicateurs,1,âge au moment des faits,0,,0,,0,0,,1,,0,0,,1,0,,0,c,c,,departements,Age moyen des prévenus,,https://www.agence-francaise-anticorruption.gouv.fr/fr,"Les atteintes à la probité  sont definies par : la corruption, le trafics d’influence, l’ingérence,  la prise illégale d’intérêt, le détournement de biens publics et le conflit d’intérêts.",ans,ans,Analyse par l’AFA de 111 décisions de justice rendues entre 2014 et 2020 en matière d’atteintes à la probité,En savoir plus sur la donnée,Vers le site de l'Agence Française Anticorruption
Données issues de l’analyse des décisions de justice,5,Répartition des prévenus,1,Personnes physiques/morales,1,PART_PERS_PHYS_PREV,0,,0,,0,0,,0,,0,1,Répartition des prévenus : Personnes physiques / morales,1,0,,0,c,c,,departements,Corruption active,PERSONNE PHYSIQUE,https://www.agence-francaise-anticorruption.gouv.fr/fr,"Note de lecture : En moyenne, entre 2014 et 2020, sur l’échantillon de 111 décisions de justice analysées par l’AFA, 91,4% des prévenus jugés pour des faits d’atteinte à la probité étaient des personnes physiques et très majoritairement des hommes (82,7%).",Infractions en 2020,%,Analyse par l’AFA de 111 décisions de justice rendues entre 2014 et 2020 en matière d’atteintes à la probité,En savoir plus sur la donnée,Vers le site de l'Agence Française Anticorruption
Données issues de l’analyse des décisions de justice,5,Répartition des prévenus,1,Personnes physiques/morales,1,PART_PERS_MOR_PREV,0,,0,,0,0,,0,,0,1,Répartition des prévenus : Personnes physiques / morales,1,0,,0,c,c,,departements,Corruption active,PERSONNE MORALE,https://www.agence-francaise-anticorruption.gouv.fr/fr,"Note de lecture : En moyenne, entre 2014 et 2020, sur l’échantillon de 111 décisions de justice analysées par l’AFA, 91,4% des prévenus jugés pour des faits d’atteinte à la probité étaient des personnes physiques et très majoritairement des hommes (82,7%).",Infractions en 2020,%,Analyse par l’AFA de 111 décisions de justice rendues entre 2014 et 2020 en matière d’atteintes à la probité,En savoir plus sur la donnée,Vers le site de l'Agence Française Anticorruption
Données issues de l’analyse des décisions de justice,5,Répartition des prévenus,2,Sexe,1,HOMME,0,,0,,0,0,,0,,0,1,Répartition des prévenus par sexe,1,0,,0,jellsf,qosfjhsq,,departements,Corruption active,HOMME,https://www.agence-francaise-anticorruption.gouv.fr/fr,"Note de lecture : En moyenne, entre 2014 et 2020, sur l’échantillon de 111 décisions de justice analysées par l’AFA, 91,4% des prévenus jugés pour des faits d’atteinte à la probité étaient des personnes physiques et très majoritairement des hommes (82,7%).",Infractions en 2020,%,Analyse par l’AFA de 111 décisions de justice rendues entre 2014 et 2020 en matière d’atteintes à la probité,En savoir plus sur la donnée,Vers le site de l'Agence Française Anticorruption
Données issues de l’analyse des décisions de justice,5,Répartition des prévenus,2,Sexe,1,FEMME,0,,0,,0,0,,0,,0,1,Répartition des prévenus par sexe,1,0,,0,c,c,,departements,Corruption active,FEMME,https://www.agence-francaise-anticorruption.gouv.fr/fr,"Note de lecture : En moyenne, entre 2014 et 2020, sur l’échantillon de 111 décisions de justice analysées par l’AFA, 91,4% des prévenus jugés pour des faits d’atteinte à la probité étaient des personnes physiques et très majoritairement des hommes (82,7%).",Infractions en 2020,%,Analyse par l’AFA de 111 décisions de justice rendues entre 2014 et 2020 en matière d’atteintes à la probité,En savoir plus sur la donnée,Vers le site de l'Agence Française Anticorruption
Données issues de l’analyse des décisions de justice,6,Répartition des prévenus en fonction de leur qualité – Top 7 ,3,Qualité des prévenus,1,ELUS,0,,0,,0,0,,0,,0,1,Répartition des prévenus par qualité des prévenus,1,0,,0,c,c,,departements,Corruption active,ELUS,https://www.agence-francaise-anticorruption.gouv.fr/fr,"Les atteintes à la probité  sont definies par : la corruption, le trafics d’influence, l’ingérence,  la prise illégale d’intérêt, le détournement de biens publics et le conflit d’intérêts.",Infractions en 2020,%,Analyse par l’AFA de 111 décisions de justice rendues entre 2014 et 2020 en matière d’atteintes à la probité,En savoir plus sur la donnée,Vers le site de l'Agence Française Anticorruption
Données issues de l’analyse des décisions de justice,6,Répartition des prévenus en fonction de leur qualité – Top 7 ,3,Qualité des prévenus,1,DIRIGEANTS DE SOCIETE,0,,0,,0,0,,0,,0,1,Répartition des prévenus par qualité des prévenus,1,0,,0,c,c,,departements,Corruption active,DIRIGEANTS DE SOCIETE,https://www.agence-francaise-anticorruption.gouv.fr/fr,"Les atteintes à la probité  sont definies par : la corruption, le trafics d’influence, l’ingérence,  la prise illégale d’intérêt, le détournement de biens publics et le conflit d’intérêts.",Infractions en 2020,%,Analyse par l’AFA de 111 décisions de justice rendues entre 2014 et 2020 en matière d’atteintes à la probité,En savoir plus sur la donnée,Vers le site de l'Agence Française Anticorruption
Données issues de l’analyse des décisions de justice,6,Répartition des prévenus en fonction de leur qualité – Top 7 ,3,Qualité des prévenus,1,PARTICULIERS,0,,0,,0,0,,0,,0,1,Répartition des prévenus par qualité des prévenus,1,0,,0,c,c,,departements,Corruption active,PARTICULIERS,https://www.agence-francaise-anticorruption.gouv.fr/fr,"Les atteintes à la probité  sont definies par : la corruption, le trafics d’influence, l’ingérence,  la prise illégale d’intérêt, le détournement de biens publics et le conflit d’intérêts.",Infractions en 2020,%,Analyse par l’AFA de 111 décisions de justice rendues entre 2014 et 2020 en matière d’atteintes à la probité,En savoir plus sur la donnée,Vers le site de l'Agence Française Anticorruption
Données issues de l’analyse des décisions de justice,6,Répartition des prévenus en fonction de leur qualité – Top 7 ,3,Qualité des prévenus,1,EMPLOYES,0,,0,,0,0,,0,,0,1,Répartition des prévenus par qualité des prévenus,1,0,,0,c,c,,departements,Corruption active,EMPLOYES,https://www.agence-francaise-anticorruption.gouv.fr/fr,"Les atteintes à la probité  sont definies par : la corruption, le trafics d’influence, l’ingérence,  la prise illégale d’intérêt, le détournement de biens publics et le conflit d’intérêts.",Infractions en 2020,%,Analyse par l’AFA de 111 décisions de justice rendues entre 2014 et 2020 en matière d’atteintes à la probité,En savoir plus sur la donnée,Vers le site de l'Agence Française Anticorruption
Données issues de l’analyse des décisions de justice,6,Répartition des prévenus en fonction de leur qualité – Top 7 ,3,Qualité des prévenus,1,AGENTS PUBLICS,0,,0,,0,0,,0,,0,1,Répartition des prévenus par qualité des prévenus,1,0,,0,c,c,,departements,Corruption active,AGENTS PUBLICS,https://www.agence-francaise-anticorruption.gouv.fr/fr,"Les atteintes à la probité  sont definies par : la corruption, le trafics d’influence, l’ingérence,  la prise illégale d’intérêt, le détournement de biens publics et le conflit d’intérêts.",Infractions en 2020,%,Analyse par l’AFA de 111 décisions de justice rendues entre 2014 et 2020 en matière d’atteintes à la probité,En savoir plus sur la donnée,Vers le site de l'Agence Française Anticorruption
Données issues de l’analyse des décisions de justice,6,Répartition des prévenus en fonction de leur qualité – Top 7 ,3,Qualité des prévenus,1,CHEF D'ENTREPRISE AVEC SERVICE PUBLIC,0,,0,,0,0,,0,,0,1,Répartition des prévenus par qualité des prévenus,1,0,,0,c,c,,departements,Corruption active,CHEF D’ENTREPRISE AVEC SERVICE PUBLIC,https://www.agence-francaise-anticorruption.gouv.fr/fr,"Les atteintes à la probité  sont definies par : la corruption, le trafics d’influence, l’ingérence,  la prise illégale d’intérêt, le détournement de biens publics et le conflit d’intérêts.",Infractions en 2020,%,Analyse par l’AFA de 111 décisions de justice rendues entre 2014 et 2020 en matière d’atteintes à la probité,En savoir plus sur la donnée,Vers le site de l'Agence Française Anticorruption
Données issues de l’analyse des décisions de justice,6,Répartition des prévenus en fonction de leur qualité – Top 7 ,4,Catégorie socio-professionnelle,1,EMPLOYÉS DE LA FONCTION PUBLIQUE,0,,0,,0,0,,0,,0,1,Répartition des prévenus par catégorie socio-professionnelle,1,0,,0,c,c,,departements,Corruption active,EMPLOYÉS DE LA FONCTION PUBLIQUE,https://www.agence-francaise-anticorruption.gouv.fr/fr,"Les atteintes à la probité  sont definies par : la corruption, le trafics d’influence, l’ingérence,  la prise illégale d’intérêt, le détournement de biens publics et le conflit d’intérêts.",Infractions en 2020,%,Analyse par l’AFA de 111 décisions de justice rendues entre 2014 et 2020 en matière d’atteintes à la probité,En savoir plus sur la donnée,Vers le site de l'Agence Française Anticorruption
Données issues de l’analyse des décisions de justice,6,Répartition des prévenus en fonction de leur qualité – Top 7 ,4,Catégorie socio-professionnelle,1,CHEFS D'ENTREPRISE DE 10 SALARIÉS OU PLUS,0,,0,,0,0,,0,,0,1,Répartition des prévenus par catégorie socio-professionnelle,1,0,,0,c,c,,departements,Corruption active,CHEFS D'ENTREPRISE DE 10 SALARIÉS OU PLUS,https://www.agence-francaise-anticorruption.gouv.fr/fr,"Les atteintes à la probité  sont definies par : la corruption, le trafics d’influence, l’ingérence,  la prise illégale d’intérêt, le détournement de biens publics et le conflit d’intérêts.",Infractions en 2020,%,Analyse par l’AFA de 111 décisions de justice rendues entre 2014 et 2020 en matière d’atteintes à la probité,En savoir plus sur la donnée,Vers le site de l'Agence Française Anticorruption
Données issues de l’analyse des décisions de justice,6,Répartition des prévenus en fonction de leur qualité – Top 7 ,4,Catégorie socio-professionnelle,1,INACTIFS DIVERS (AUTRES QUE RETRAITÉS),0,,0,,0,0,,0,,0,1,Répartition des prévenus par catégorie socio-professionnelle,1,0,,0,c,c,,departements,Corruption active,INACTIFS DIVERS (AUTRES QUE RETRAITÉS),https://www.agence-francaise-anticorruption.gouv.fr/fr,"Les atteintes à la probité  sont definies par : la corruption, le trafics d’influence, l’ingérence,  la prise illégale d’intérêt, le détournement de biens publics et le conflit d’intérêts.",Infractions en 2020,%,Analyse par l’AFA de 111 décisions de justice rendues entre 2014 et 2020 en matière d’atteintes à la probité,En savoir plus sur la donnée,Vers le site de l'Agence Française Anticorruption
Données issues de l’analyse des décisions de justice,6,Répartition des prévenus en fonction de leur qualité – Top 7 ,4,Catégorie socio-professionnelle,1,"CADRES DE LA FONCTION PUBLIQUE, PROFESSIONS INTELLECTUELLES ET  ARTISTIQUES",0,,0,,0,0,,0,,0,1,Répartition des prévenus par catégorie socio-professionnelle,1,0,,0,c,c,,departements,Corruption active,"CADRES DE LA FONCTION PUBLIQUE, PROFESSIONS INTELLECTUELLES ET ARTISTIQUES",https://www.agence-francaise-anticorruption.gouv.fr/fr,"Les atteintes à la probité  sont definies par : la corruption, le trafics d’influence, l’ingérence,  la prise illégale d’intérêt, le détournement de biens publics et le conflit d’intérêts.",Infractions en 2020,%,Analyse par l’AFA de 111 décisions de justice rendues entre 2014 et 2020 en matière d’atteintes à la probité,En savoir plus sur la donnée,Vers le site de l'Agence Française Anticorruption
Données issues de l’analyse des décisions de justice,6,Répartition des prévenus en fonction de leur qualité – Top 7 ,4,Catégorie socio-professionnelle,1,AUTRE_CATEGORIE_Profession et catégorie socioprofessionnelle,0,,0,,0,0,,0,,0,1,Répartition des prévenus par catégorie socio-professionnelle,1,0,,0,c,c,,departements,Corruption active,AUTRE,https://www.agence-francaise-anticorruption.gouv.fr/fr,"Les atteintes à la probité  sont definies par : la corruption, le trafics d’influence, l’ingérence,  la prise illégale d’intérêt, le détournement de biens publics et le conflit d’intérêts.",Infractions en 2020,%,Analyse par l’AFA de 111 décisions de justice rendues entre 2014 et 2020 en matière d’atteintes à la probité,En savoir plus sur la donnée,Vers le site de l'Agence Française Anticorruption
Données issues de l’analyse des décisions de justice,6,Répartition des prévenus en fonction de leur qualité – Top 7 ,4,Catégorie socio-professionnelle,1,CADRES D'ENTREPRISE,0,,0,,0,0,,0,,0,1,Répartition des prévenus par catégorie socio-professionnelle,1,0,,0,c,c,,departements,Corruption active,CADRES D’ENTREPRISE,https://www.agence-francaise-anticorruption.gouv.fr/fr,"Les atteintes à la probité  sont definies par : la corruption, le trafics d’influence, l’ingérence,  la prise illégale d’intérêt, le détournement de biens publics et le conflit d’intérêts.",Infractions en 2020,%,Analyse par l’AFA de 111 décisions de justice rendues entre 2014 et 2020 en matière d’atteintes à la probité,En savoir plus sur la donnée,Vers le site de l'Agence Française Anticorruption
Données issues de l’analyse des décisions de justice,6,Répartition des prévenus en fonction de leur qualité – Top 7 ,4,Catégorie socio-professionnelle,1,"PROFESSIONS INTERMÉDIAIRES DE L'ENSEIGNEMENT, DE LA SANTÉ, DE LA FONCTION PUBLIQUE ET ASSIMILÉS",0,,0,,0,0,,0,,0,1,Répartition des prévenus par catégorie socio-professionnelle,1,0,,0,c,c,,departements,Corruption active,"PROFESSIONS INTERMÉDIAIRES DE L'ENSEIGNEMENT, DE LA SANTÉ, DE LA FONCTION PUBLIQUE ET ASSIMILÉS",https://www.agence-francaise-anticorruption.gouv.fr/fr,"Les atteintes à la probité  sont definies par : la corruption, le trafics d’influence, l’ingérence,  la prise illégale d’intérêt, le détournement de biens publics et le conflit d’intérêts.",Infractions en 2020,%,Analyse par l’AFA de 111 décisions de justice rendues entre 2014 et 2020 en matière d’atteintes à la probité,En savoir plus sur la donnée,Vers le site de l'Agence Française Anticorruption
Données issues de l’analyse des décisions de justice,6,Répartition des prévenus en fonction de leur qualité – Top 7 ,4,Catégorie socio-professionnelle,1,NON RENSEIGNE,0,,0,,0,0,,0,,0,1,Répartition des prévenus par catégorie socio-professionnelle,1,0,,0,c,c,,departements,Corruption active,NON RENSEIGNE,https://www.agence-francaise-anticorruption.gouv.fr/fr,"Les atteintes à la probité  sont definies par : la corruption, le trafics d’influence, l’ingérence,  la prise illégale d’intérêt, le détournement de biens publics et le conflit d’intérêts.",Infractions en 2020,%,Analyse par l’AFA de 111 décisions de justice rendues entre 2014 et 2020 en matière d’atteintes à la probité,En savoir plus sur la donnée,Vers le site de l'Agence Française Anticorruption
Données issues de l’analyse des décisions de justice,7,Procédure,1,Origine de l’affaire - TOP 5 ,1,AUTRE_CATEGORIE_origine de l’affaire,0,,0,,0,0,,0,,0,1,Origine de l’affaire,1,0,,0,c,c,,departements,TI passif,AUTRE,https://www.agence-francaise-anticorruption.gouv.fr/fr,"Les atteintes à la probité  sont definies par : la corruption, le trafics d’influence, l’ingérence,  la prise illégale d’intérêt, le détournement de biens publics et le conflit d’intérêts.",Infractions en 2020,%,Analyse par l’AFA de 111 décisions de justice rendues entre 2014 et 2020 en matière d’atteintes à la probité,En savoir plus sur la donnée,Vers le site de l'Agence Française Anticorruption
Données issues de l’analyse des décisions de justice,7,Procédure,1,Origine de l’affaire - TOP 5 ,1,ARTICLE 40 al.2,0,,0,,0,0,,0,,0,1,Origine de l’affaire,1,0,,0,c,c,,departements,TI passif,ARTICLE 40 al.2,https://www.agence-francaise-anticorruption.gouv.fr/fr,"Les atteintes à la probité  sont definies par : la corruption, le trafics d’influence, l’ingérence,  la prise illégale d’intérêt, le détournement de biens publics et le conflit d’intérêts.",Infractions en 2020,%,Analyse par l’AFA de 111 décisions de justice rendues entre 2014 et 2020 en matière d’atteintes à la probité,En savoir plus sur la donnée,Vers le site de l'Agence Française Anticorruption
Données issues de l’analyse des décisions de justice,7,Procédure,1,Origine de l’affaire - TOP 5 ,1,PLAINTE,0,,0,,0,0,,0,,0,1,Origine de l’affaire,1,0,,0,c,c,,departements,TI passif,PLAINTE,https://www.agence-francaise-anticorruption.gouv.fr/fr,"Les atteintes à la probité  sont definies par : la corruption, le trafics d’influence, l’ingérence,  la prise illégale d’intérêt, le détournement de biens publics et le conflit d’intérêts.",Infractions en 2020,%,Analyse par l’AFA de 111 décisions de justice rendues entre 2014 et 2020 en matière d’atteintes à la probité,En savoir plus sur la donnée,Vers le site de l'Agence Française Anticorruption
Données issues de l’analyse des décisions de justice,7,Procédure,1,Origine de l’affaire - TOP 5 ,1,LETTRE ANONYME,0,,0,,0,0,,0,,0,1,Origine de l’affaire,1,0,,0,c,c,,departements,TI passif,LETTRE ANONYME,https://www.agence-francaise-anticorruption.gouv.fr/fr,"Les atteintes à la probité  sont definies par : la corruption, le trafics d’influence, l’ingérence,  la prise illégale d’intérêt, le détournement de biens publics et le conflit d’intérêts.",Infractions en 2020,%,Analyse par l’AFA de 111 décisions de justice rendues entre 2014 et 2020 en matière d’atteintes à la probité,En savoir plus sur la donnée,Vers le site de l'Agence Française Anticorruption
Données issues de l’analyse des décisions de justice,7,Procédure,1,Origine de l’affaire - TOP 5 ,1,DOSSIER CONNEXE JUSTICE,0,,0,,0,0,,0,,0,1,Origine de l’affaire,1,0,,0,c,c,,departements,TI passif,DOSSIER CONNEXE JUSTICE,https://www.agence-francaise-anticorruption.gouv.fr/fr,"Les atteintes à la probité  sont definies par : la corruption, le trafics d’influence, l’ingérence,  la prise illégale d’intérêt, le détournement de biens publics et le conflit d’intérêts.",Infractions en 2020,%,Analyse par l’AFA de 111 décisions de justice rendues entre 2014 et 2020 en matière d’atteintes à la probité,En savoir plus sur la donnée,Vers le site de l'Agence Française Anticorruption
Données issues de l’analyse des décisions de justice,7,Indicateurs procédure,2,Indicateurs,4,durée de la période de prévention (en nbr jours),0,,0,,0,0,,1,,0,0,,1,0,,0,c,c,,departements,Durée de la période de prévention ,,https://www.agence-francaise-anticorruption.gouv.fr/fr,"Les atteintes à la probité  sont definies par : la corruption, le trafics d’influence, l’ingérence,  la prise illégale d’intérêt, le détournement de biens publics et le conflit d’intérêts.",jours,%,Analyse par l’AFA de 111 décisions de justice rendues entre 2014 et 2020 en matière d’atteintes à la probité,En savoir plus sur la donnée,Vers le site de l'Agence Française Anticorruption
Données issues de l’analyse des décisions de justice,9,Traitement judicaire,1,Sens de la décision,3,RELAXE,0,,0,,0,0,,0,,0,1,Répartition des sens de décisions,1,0,,0,c,c,,departements,d’âge moyen des prévenus,RELAXE,https://www.agence-francaise-anticorruption.gouv.fr/fr,"Les atteintes à la probité  sont definies par : la corruption, le trafics d’influence, l’ingérence,  la prise illégale d’intérêt, le détournement de biens publics et le conflit d’intérêts.",Infractions en 2020,%,Analyse par l’AFA de 111 décisions de justice rendues entre 2014 et 2020 en matière d’atteintes à la probité,En savoir plus sur la donnée,Vers le site de l'Agence Française Anticorruption
Données issues de l’analyse des décisions de justice,9,Traitement judicaire,1,Sens de la décision,3,Extinction action publique,0,,0,,0,0,,0,,0,1,Répartition des sens de décisions,1,0,,0,c,c,,departements,d’âge moyen des prévenus,Extinction action publique,https://www.agence-francaise-anticorruption.gouv.fr/fr,"Les atteintes à la probité  sont definies par : la corruption, le trafics d’influence, l’ingérence,  la prise illégale d’intérêt, le détournement de biens publics et le conflit d’intérêts.",Infractions en 2020,%,Analyse par l’AFA de 111 décisions de justice rendues entre 2014 et 2020 en matière d’atteintes à la probité,En savoir plus sur la donnée,Vers le site de l'Agence Française Anticorruption
Données issues de l’analyse des décisions de justice,9,Traitement judicaire,1,Sens de la décision,3,CONDAMNATION,0,,0,,0,0,,0,,0,1,Répartition des sens de décisions,1,0,,0,c,c,,departements,d’âge moyen des prévenus,CONDAMNATION,https://www.agence-francaise-anticorruption.gouv.fr/fr,"Les atteintes à la probité  sont definies par : la corruption, le trafics d’influence, l’ingérence,  la prise illégale d’intérêt, le détournement de biens publics et le conflit d’intérêts.",Infractions en 2020,%,Analyse par l’AFA de 111 décisions de justice rendues entre 2014 et 2020 en matière d’atteintes à la probité,En savoir plus sur la donnée,Vers le site de l'Agence Française AnticorruptionDonnées issues de l’analyse des décisions de justice
Données issues de l’analyse des décisions de justice,9,Traitement judicaire,1,Sens de la décision,3,AUTRE,0,,0,,0,0,,0,,0,1,Répartition des sens de décisions,1,0,,0,c,c,,departements,d’âge moyen des prévenus,AUTRE,https://www.agence-francaise-anticorruption.gouv.fr/fr,"Les atteintes à la probité  sont definies par : la corruption, le trafics d’influence, l’ingérence,  la prise illégale d’intérêt, le détournement de biens publics et le conflit d’intérêts.",Infractions en 2020,%,Analyse par l’AFA de 111 décisions de justice rendues entre 2014 et 2020 en matière d’atteintes à la probité,En savoir plus sur la donnée,Vers le site de l'Agence Française Anticorruption
Données issues de l’analyse des décisions de justice,9,Traitement judicaire,2,Type de peine,3,DISPENSE DE PEINE,0,,0,,0,0,,0,,0,1,Répartition des types de peines prononcées,1,0,,0,c,c,,departements,d’âge moyen des prévenus,DISPENSE DE PEINE,https://www.agence-francaise-anticorruption.gouv.fr/fr,"Les atteintes à la probité  sont definies par : la corruption, le trafics d’influence, l’ingérence,  la prise illégale d’intérêt, le détournement de biens publics et le conflit d’intérêts.",Infractions en 2020,%,Analyse par l’AFA de 111 décisions de justice rendues entre 2014 et 2020 en matière d’atteintes à la probité,En savoir plus sur la donnée,Vers le site de l'Agence Française AnticorruptionDonnées issues de l’analyse des décisions de justice
Données issues de l’analyse des décisions de justice,9,Traitement judicaire,2,Type de peine,3,EMPRISONNEMENT,0,,0,,0,0,,0,,0,1,Répartition des types de peines prononcées,1,0,,0,c,c,,departements,d’âge moyen des prévenus,EMPRISONNEMENT,https://www.agence-francaise-anticorruption.gouv.fr/fr,"Les atteintes à la probité  sont definies par : la corruption, le trafics d’influence, l’ingérence,  la prise illégale d’intérêt, le détournement de biens publics et le conflit d’intérêts.",Infractions en 2020,%,Analyse par l’AFA de 111 décisions de justice rendues entre 2014 et 2020 en matière d’atteintes à la probité,En savoir plus sur la donnée,Vers le site de l'Agence Française AnticorruptionDonnées issues de l’analyse des décisions de justice
Données issues de l’analyse des décisions de justice,9,Traitement judicaire,2,Type de peine,3,AMENDE,0,,0,,0,0,,0,,0,1,Répartition des types de peines prononcées,1,0,,0,c,c,,departements,d’âge moyen des prévenus,AMENDE,https://www.agence-francaise-anticorruption.gouv.fr/fr,"Les atteintes à la probité  sont definies par : la corruption, le trafics d’influence, l’ingérence,  la prise illégale d’intérêt, le détournement de biens publics et le conflit d’intérêts.",Infractions en 2020,%,Analyse par l’AFA de 111 décisions de justice rendues entre 2014 et 2020 en matière d’atteintes à la probité,En savoir plus sur la donnée,Vers le site de l'Agence Française AnticorruptionDonnées issues de l’analyse des décisions de justice
Données issues de l’analyse des décisions de justice,9,Traitement judicaire,2,Type de peine,3,EMPRISONNEMENT ET AMENDE,0,,0,,0,0,,0,,0,1,Répartition des types de peines prononcées,1,0,,0,c,c,,departements,d’âge moyen des prévenus,AMENDE & EMPRISONNEMENT,https://www.agence-francaise-anticorruption.gouv.fr/fr,"Les atteintes à la probité  sont definies par : la corruption, le trafics d’influence, l’ingérence,  la prise illégale d’intérêt, le détournement de biens publics et le conflit d’intérêts.",Infractions en 2020,%,Analyse par l’AFA de 111 décisions de justice rendues entre 2014 et 2020 en matière d’atteintes à la probité,En savoir plus sur la donnée,Vers le site de l'Agence Française AnticorruptionDonnées issues de l’analyse des décisions de justice
Données issues de l’analyse des décisions de justice,10,Indicateurs traitement judicaire,1,Indicateurs personne physique,3,durée de l'emprisonnement (mois),0,,0,,0,0,,1,,0,0,,1,0,,0,c,c,,departements,Durée moyenne de l’emprisonnement,,https://www.agence-francaise-anticorruption.gouv.fr/fr,"Les atteintes à la probité  sont definies par : la corruption, le trafics d’influence, l’ingérence,  la prise iannéesllégale d’intérêt, le détournement de biens publics et le conflit d’intérêts.",mois,%,Analyse par l’AFA de 111 décisions de justice rendues entre 2014 et 2020 en matière d’atteintes à la probité,En savoir plus sur la donnée,Vers le site de l'Agence Française Anticorruption
Données issues de l’analyse des décisions de justice,10,Indicateurs traitement judicaire,2,Indicateurs amende,3,montant de l'amende,0,,0,,0,0,,1,,0,0,,1,0,,0,c,c,,departements,Montant moyen des amendes prononcées,,https://www.agence-francaise-anticorruption.gouv.fr/fr,"Les atteintes à la probité  sont definies par : la corruption, le trafics d’influence, l’ingérence,  la prise illégale d’intérêt, le détournement de biens publics et le conflit d’intérêts.",€,%,Analyse par l’AFA de 111 décisions de justice rendues entre 2014 et 2020 en matière d’atteintes à la probité,En savoir plus sur la donnée,Vers le site de l'Agence Française Anticorruption
Données du SSMSI,12,Évolution des faits,1,Chiffres bruts,10,NB_INF_PROB,0,,1,Evolution nationale des faits enregistrés,0,0,,0,,0,0,Évolution nationale des faits enregistrés,1,0,,0,c,c,,departements,Nombre d'infractions pour des atteintes à la probité,,https://www.agence-francaise-anticorruption.gouv.fr/fr,"Les atteintes à la probité  sont definies par : la corruption, le trafics d’influence, l’ingérence,  la prise illégale d’intérêt, le détournement de biens publics et le conflit d’intérêts.",Infractions en 2020,%,Analyse par l’AFA de 111 décisions de justice rendues entre 2014 et 2020 en matière d’atteintes à la probité,En savoir plus sur la donnée,Vers le site de l'Agence Française Anticorruption
Données du SSMSI,13,Analyse géographique,1,Faits bruts,10,NB_INF_PROB,1,Répartition géographique des infractions d’atteinte à la probité clôturées entre 2016 et 2020,0,,0,0,,0,,0,0,,1,2,Départements avec le plus grand nombre de faits clôturés,0,c,c,,departements,Nombre d'infractions pour des atteintes à la probité,,https://www.agence-francaise-anticorruption.gouv.fr/fr,"Les atteintes à la probité  sont definies par : la corruption, le trafics d’influence, l’ingérence,  la prise illégale d’intérêt, le détournement de biens publics et le conflit d’intérêts.",Infractions en 2020,%,Analyse par l’AFA de 111 décisions de justice rendues entre 2014 et 2020 en matière d’atteintes à la probité,En savoir plus sur la donnée,Vers le site de l'Agence Française Anticorruption
Données du SSMSI,13,Analyse géographique,2,Faits bruts pondérés,10,PART_INF_PROB_HAB,1,Répartition géographique des infractions d’atteinte à la probité clôturées entre 2016 et 2020,0,,0,0,,0,,0,0,,1,2,Départements avec le plus grand nombre de faits clôturés,0,c,c,,departements,Nombre d'infractions pour des atteintes à la probité,,https://www.agence-francaise-anticorruption.gouv.fr/fr,"Les atteintes à la probité  sont definies par : la corruption, le trafics d’influence, l’ingérence,  la prise illégale d’intérêt, le détournement de biens publics et le conflit d’intérêts.",Infractions en 2020,%,Analyse par l’AFA de 111 décisions de justice rendues entre 2014 et 2020 en matière d’atteintes à la probité,En savoir plus sur la donnée,Vers le site de l'Agence Française Anticorruption
Données du SSMSI,15,Analyse par famille d'infraction,1,Famille d'infraction,1,PII,0,,2,Évolution des familles d'infraction,0,0,,0,,0,1,Répartition des familles d'infractions,1,0,,0,c,c,,departements,Nombre d'infractions pour des atteintes à la probité pour 100 000 habitants,PRISE ILLEGALE D'INTERET,https://www.agence-francaise-anticorruption.gouv.fr/fr,"Les atteintes à la probité  sont definies par : la corruption, le trafics d’influence, l’ingérence,  la prise illégale d’intérêt, le détournement de biens publics et le conflit d’intérêts.",Infractions en 2020,%,"AFA, d’après des données du service statistique de la sécurité intérieure (SSMSI), base des infractions enregistrées par la police et la gendarmerie (extraite le 10 février 2021). ",En savoir plus sur la donnée,Vers le site de l'Agence Française Anticorruption
Données du SSMSI,15,Analyse par famille d'infraction,1,Famille d'infraction,1,DFP,0,,2,Évolution des familles d'infraction,0,0,,0,,0,1,Répartition des familles d'infractions,1,0,,0,c,c,,departements,Nombre d'infractions pour des atteintes à la probité pour 100 000 habitants,DETOURNEMENT DE FONDS,https://www.agence-francaise-anticorruption.gouv.fr/fr,"Les atteintes à la probité  sont definies par : la corruption, le trafics d’influence, l’ingérence,  la prise illégale d’intérêt, le détournement de biens publics et le conflit d’intérêts.",Infractions en 2020,%,"AFA, d’après des données du service statistique de la sécurité intérieure (SSMSI), base des infractions enregistrées par la police et la gendarmerie (extraite le 10 février 2021). ",En savoir plus sur la donnée,Vers le site de l'Agence Française Anticorruption
Données du SSMSI,15,Analyse par famille d'infraction,1,Famille d'infraction,1,Favoritisme,0,,2,Évolution des familles d'infraction,0,0,,0,,0,1,Répartition des familles d'infractions,1,0,,0,c,c,,departements,Nombre d'infractions pour des atteintes à la probité pour 100 000 habitants,FAVORITISME,https://www.agence-francaise-anticorruption.gouv.fr/fr,"Les atteintes à la probité  sont definies par : la corruption, le trafics d’influence, l’ingérence,  la prise illégale d’intérêt, le détournement de biens publics et le conflit d’intérêts.",Infractions en 2020,%,"AFA, d’après des données du service statistique de la sécurité intérieure (SSMSI), base des infractions enregistrées par la police et la gendarmerie (extraite le 10 février 2021). ",En savoir plus sur la donnée,Vers le site de l'Agence Française Anticorruption
Données du SSMSI,15,Analyse par famille d'infraction,1,Famille d'infraction,1,TI actif,0,,2,Évolution des familles d'infraction,0,0,,0,,0,1,Répartition des familles d'infractions,1,0,,0,c,c,,departements,Nombre d'infractions pour des atteintes à la probité pour 100 000 habitants,TRAFIC D'INFLUENCE ACTIF,https://www.agence-francaise-anticorruption.gouv.fr/fr,"Les atteintes à la probité  sont definies par : la corruption, le trafics d’influence, l’ingérence,  la prise illégale d’intérêt, le détournement de biens publics et le conflit d’intérêts.",Infractions en 2020,%,"AFA, d’après des données du service statistique de la sécurité intérieure (SSMSI), base des infractions enregistrées par la police et la gendarmerie (extraite le 10 février 2021). ",En savoir plus sur la donnée,Vers le site de l'Agence Française Anticorruption
Données du SSMSI,15,Analyse par famille d'infraction,1,Famille d'infraction,1,TI passif,0,,2,Évolution des familles d'infraction,0,0,,0,,0,1,Répartition des familles d'infractions,1,0,,0,c,c,,departements,Nombre d'infractions pour des atteintes à la probité pour 100 000 habitants,TRAFIC D'INFLUENCE PASSIF,https://www.agence-francaise-anticorruption.gouv.fr/fr,"Les atteintes à la probité  sont definies par : la corruption, le trafics d’influence, l’ingérence,  la prise illégale d’intérêt, le détournement de biens publics et le conflit d’intérêts.",Infractions en 2020,%,"AFA, d’après des données du service statistique de la sécurité intérieure (SSMSI), base des infractions enregistrées par la police et la gendarmerie (extraite le 10 février 2021). ",En savoir plus sur la donnée,Vers le site de l'Agence Française Anticorruption
Données du SSMSI,15,Analyse par famille d'infraction,1,Famille d'infraction,1,Corruption passive,0,,2,Évolution des familles d'infraction,0,0,,0,,0,1,Répartition des familles d'infractions,1,0,,0,c,c,,departements,Nombre d'infractions pour des atteintes à la probité pour 100 000 habitants,CORRUPTION PASSIVE,https://www.agence-francaise-anticorruption.gouv.fr/fr,"Les atteintes à la probité  sont definies par : la corruption, le trafics d’influence, l’ingérence,  la prise illégale d’intérêt, le détournement de biens publics et le conflit d’intérêts.",Infractions en 2020,%,"AFA, d’après des données du service statistique de la sécurité intérieure (SSMSI), base des infractions enregistrées par la police et la gendarmerie (extraite le 10 février 2021). ",En savoir plus sur la donnée,Vers le site de l'Agence Française Anticorruption
Données du SSMSI,15,Analyse par famille d'infraction,1,Famille d'infraction,1,Corruption active,0,,2,Évolution des familles d'infraction,0,0,,0,,0,1,Répartition des familles d'infractions,1,0,,0,c,c,,departements,Nombre d'infractions pour des atteintes à la probité pour 100 000 habitants,CORRUPTION ACTIVE,https://www.agence-francaise-anticorruption.gouv.fr/fr,"Les atteintes à la probité  sont definies par : la corruption, le trafics d’influence, l’ingérence,  la prise illégale d’intérêt, le détournement de biens publics et le conflit d’intérêts.",Infractions en 2020,%,"AFA, d’après des données du service statistique de la sécurité intérieure (SSMSI), base des infractions enregistrées par la police et la gendarmerie (extraite le 10 février 2021). ",En savoir plus sur la donnée,Vers le site de l'Agence Française Anticorruption
Données du SSMSI,15,Analyse par famille d'infraction,1,Famille d'infraction,1,Concussion,0,,2,Évolution des familles d'infraction,0,0,,0,,0,1,Répartition des familles d'infractions,1,0,,0,c,c,,departements,Nombre d'infractions pour des atteintes à la probité pour 100 000 habitants,CONCUSSION,https://www.agence-francaise-anticorruption.gouv.fr/fr,"Les atteintes à la probité  sont definies par : la corruption, le trafics d’influence, l’ingérence,  la prise illégale d’intérêt, le détournement de biens publics et le conflit d’intérêts.",Infractions en 2020,%,"AFA, d’après des données du service statistique de la sécurité intérieure (SSMSI), base des infractions enregistrées par la police et la gendarmerie (extraite le 10 février 2021). ",En savoir plus sur la donnée,Vers le site de l'Agence Française Anticorruption
Données du SSMSI,17,Profil type du mise en cause,1,Mis en cause par âge,1,Age indeterminé,0,,0,,0,0,,0,,0,1,Répartition par âge du mise en cause,1,0,,0,"Les familles d’infractions ayant permis le plus facilement la mise en cause d’une personne physique sont : la prise illégale d’intérêts, le détournement de fonds publics et la corruption active. ",,,departements,Nombre d'infractions pour des atteintes à la probité pour 100 000 habitants,Age indeterminé,https://www.agence-francaise-anticorruption.gouv.fr/fr,"Les atteintes à la probité  sont definies par : la corruption, le trafics d’influence, l’ingérence,  la prise illégale d’intérêt, le détournement de biens publics et le conflit d’intérêts.",Infractions en 2020,%,"AFA, d’après des données du service statistique de la sécurité intérieure (SSMSI), base des infractions enregistrées par la police et la gendarmerie (extraite le 10 février 2021). ",En savoir plus sur la donnée,Vers le site de l'Agence Française Anticorruption
Données du SSMSI,17,Profil type du mise en cause,1,Mis en cause par âge,1,de 20 à 29 ans,0,,0,,0,0,,0,,0,1,Répartition par âge du mise en cause,1,0,,0,"Les familles d’infractions ayant permis le plus facilement la mise en cause d’une personne physique sont : la prise illégale d’intérêts, le détournement de fonds publics et la corruption active. ",,,departements,Nombre d'infractions pour des atteintes à la probité pour 100 000 habitants,de 20 à 29 ans,https://www.agence-francaise-anticorruption.gouv.fr/fr,"Les atteintes à la probité  sont definies par : la corruption, le trafics d’influence, l’ingérence,  la prise illégale d’intérêt, le détournement de biens publics et le conflit d’intérêts.",Infractions en 2020,%,"AFA, d’après des données du service statistique de la sécurité intérieure (SSMSI), base des infractions enregistrées par la police et la gendarmerie (extraite le 10 février 2021). ",En savoir plus sur la donnée,Vers le site de l'Agence Française Anticorruption
Données du SSMSI,17,Profil type du mise en cause,1,Mis en cause par âge,1,de 30 à 39 ans,0,,0,,0,0,,0,,0,1,Répartition par âge du mise en cause,1,0,,0,"Les familles d’infractions ayant permis le plus facilement la mise en cause d’une personne physique sont : la prise illégale d’intérêts, le détournement de fonds publics et la corruption active. ",,,departements,Nombre d'infractions pour des atteintes à la probité pour 100 000 habitants,de 30 à 39 ans,https://www.agence-francaise-anticorruption.gouv.fr/fr,"Les atteintes à la probité  sont definies par : la corruption, le trafics d’influence, l’ingérence,  la prise illégale d’intérêt, le détournement de biens publics et le conflit d’intérêts.",Infractions en 2020,%,"AFA, d’après des données du service statistique de la sécurité intérieure (SSMSI), base des infractions enregistrées par la police et la gendarmerie (extraite le 10 février 2021). ",En savoir plus sur la donnée,Vers le site de l'Agence Française Anticorruption
Données du SSMSI,17,Profil type du mise en cause,1,Mis en cause par âge,1,de 40 à 49 ans,0,,0,,0,0,,0,,0,1,Répartition par âge du mise en cause,1,0,,0,"Les familles d’infractions ayant permis le plus facilement la mise en cause d’une personne physique sont : la prise illégale d’intérêts, le détournement de fonds publics et la corruption active. ",,,departements,Nombre d'infractions pour des atteintes à la probité pour 100 000 habitants,de 40 à 49 ans,https://www.agence-francaise-anticorruption.gouv.fr/fr,"Les atteintes à la probité  sont definies par : la corruption, le trafics d’influence, l’ingérence,  la prise illégale d’intérêt, le détournement de biens publics et le conflit d’intérêts.",Infractions en 2020,%,"AFA, d’après des données du service statistique de la sécurité intérieure (SSMSI), base des infractions enregistrées par la police et la gendarmerie (extraite le 10 février 2021). ",En savoir plus sur la donnée,Vers le site de l'Agence Française Anticorruption
Données du SSMSI,17,Profil type du mise en cause,1,Mis en cause par âge,1,de 50 à 59 ans,0,,0,,0,0,,0,,0,1,Répartition par âge du mise en cause,1,0,,0,"Les familles d’infractions ayant permis le plus facilement la mise en cause d’une personne physique sont : la prise illégale d’intérêts, le détournement de fonds publics et la corruption active. ",,,departements,Nombre d'infractions pour des atteintes à la probité pour 100 000 habitants,de 50 à 59 ans,https://www.agence-francaise-anticorruption.gouv.fr/fr,"Les atteintes à la probité  sont definies par : la corruption, le trafics d’influence, l’ingérence,  la prise illégale d’intérêt, le détournement de biens publics et le conflit d’intérêts.",Infractions en 2020,%,"AFA, d’après des données du service statistique de la sécurité intérieure (SSMSI), base des infractions enregistrées par la police et la gendarmerie (extraite le 10 février 2021). ",En savoir plus sur la donnée,Vers le site de l'Agence Française Anticorruption
Données du SSMSI,17,Profil type du mise en cause,1,Mis en cause par âge,1,de 60 à 69 ans,0,,0,,0,0,,0,,0,1,Répartition par âge du mise en cause,1,0,,0,"Les familles d’infractions ayant permis le plus facilement la mise en cause d’une personne physique sont : la prise illégale d’intérêts, le détournement de fonds publics et la corruption active. ",,,departements,Nombre d'infractions pour des atteintes à la probité pour 100 000 habitants,de 60 à 69 ans,https://www.agence-francaise-anticorruption.gouv.fr/fr,"Les atteintes à la probité  sont definies par : la corruption, le trafics d’influence, l’ingérence,  la prise illégale d’intérêt, le détournement de biens publics et le conflit d’intérêts.",Infractions en 2020,%,"AFA, d’après des données du service statistique de la sécurité intérieure (SSMSI), base des infractions enregistrées par la police et la gendarmerie (extraite le 10 février 2021). ",En savoir plus sur la donnée,Vers le site de l'Agence Française Anticorruption
Données du SSMSI,17,Profil type du mise en cause,1,Mis en cause par âge,1,70 ans et plus,0,,0,,0,0,,0,,0,1,Répartition par âge du mise en cause,1,0,,0,"Les familles d’infractions ayant permis le plus facilement la mise en cause d’une personne physique sont : la prise illégale d’intérêts, le détournement de fonds publics et la corruption active. ",,,departements,Nombre d'infractions pour des atteintes à la probité pour 100 000 habitants,70 ans et plus,https://www.agence-francaise-anticorruption.gouv.fr/fr,"Les atteintes à la probité  sont definies par : la corruption, le trafics d’influence, l’ingérence,  la prise illégale d’intérêt, le détournement de biens publics et le conflit d’intérêts.",Infractions en 2020,%,"AFA, d’après des données du service statistique de la sécurité intérieure (SSMSI), base des infractions enregistrées par la police et la gendarmerie (extraite le 10 février 2021). ",En savoir plus sur la donnée,Vers le site de l'Agence Française Anticorruption
Données du SSMSI,20,Outre-mer,1,Outre-mer,1,NB_INF_PROB,0,,0,,0,0,,0,,0,0,,1,0,,1,"Entre 2016 et 2020, l’outre-mer représente 18% des faits clôturés par la gendarmerie et 6% des faits clôturés par la police ",,,departements,Nombre d'infractions pour des atteintes à la probité,,https://www.agence-francaise-anticorruption.gouv.fr/fr,"Les atteintes à la probité  sont definies par : la corruption, le trafics d’influence, l’ingérence,  la prise illégale d’intérêt, le détournement de biens publics et le conflit d’intérêts.",Infractions en 2020,%,"AFA, d’après des données du service statistique de la sécurité intérieure (SSMSI), base des infractions enregistrées par la police et la gendarmerie (extraite le 10 février 2021). ",En savoir plus sur la donnée,Vers le site de l'Agence Française Anticorruption
